ReservationID,PassengerID,MaxLuggage,CheckedLuggage,SeatName,CheckedIn
ZLDJBW,1,1,0,0,False
KKWCIE,2,3,0,1,False
NZQRXJ,3,2,0,2,False
ENSRSK,4,1,0,3,False
KZHVTY,5,1,0,4,False
AOYGQY,6,3,0,5,False
MTZMUK,7,1,0,6,False
QDFUYN,8,3,0,7,False
PXAYPX,9,1,0,8,False
ZHNJLW,10,2,0,9,False
TBBCWN,11,1,0,10,False
DECWUV,12,1,0,11,False
GUEXMG,13,1,0,12,False
DOPYGW,14,2,0,13,False
NLCFKY,15,3,0,14,False
WESKRA,16,1,0,15,False
YEKRQU,17,3,0,16,False
RFFDEV,18,3,0,17,False
ORPHXI,19,3,0,18,False
OLSUDT,20,2,0,19,False
YUXVPW,21,3,0,20,False
MXZJMT,22,1,0,21,False
IAKWPI,23,1,0,22,False
CZLFHT,24,2,0,23,False
FMJBGC,25,1,0,24,False
LXKICO,26,3,0,25,False
FHBKHY,27,3,0,26,False
NBCEOH,28,3,0,27,False
OUDKMJ,29,2,0,28,False
MOQLZA,30,2,0,29,False
DBIJTX,31,2,0,30,False
PWMPNU,32,3,0,31,False
TPJHDS,33,3,0,32,False
KGQYVY,34,3,0,33,False
OSOWTH,35,3,0,34,False
IRVGIG,36,2,0,35,False
QALMWJ,37,1,0,36,False
KUGJEU,38,1,0,37,False
KYHYQC,39,3,0,38,False
ACVUTW,40,2,0,39,False
ZKGCCU,41,2,0,40,False
KZAJNH,42,3,0,41,False
JKKSPJ,43,2,0,42,False
FWIVNN,44,3,0,43,False
PKSHHL,45,3,0,44,False
FPMXOW,46,3,0,45,False
HDQAFA,47,2,0,46,False
AOUXIV,48,1,0,47,False
ZBLXYF,49,3,0,48,False
RYVDSG,50,3,0,49,False
TSPFGA,51,1,0,50,False
DPHMEM,52,2,0,51,False
WWACHP,53,1,0,52,False
CYOSAR,54,3,0,53,False
SGPIXY,55,1,0,54,False
GIXOUR,56,1,0,55,False
UEGTYJ,57,3,0,56,False
DUYAWE,58,1,0,57,False
RWDERW,59,1,0,58,False
RXQBWZ,60,2,0,59,False
OCRKOO,61,3,0,60,False
RORWLR,62,2,0,61,False
VEVYQS,63,1,0,62,False
WEEBVK,64,2,0,63,False
PBYOXM,65,1,0,64,False
XAJBOH,66,2,0,65,False
DKNDWR,67,2,0,66,False
OJHOWV,68,2,0,67,False
HRVQSD,69,2,0,68,False
YPBNHG,70,1,0,69,False
YYAMZF,71,1,0,70,False
GEXWRN,72,3,0,71,False
ACSTTH,73,3,0,72,False
HJOBJB,74,1,0,73,False
IWGGFN,75,3,0,74,False
GQRAGE,76,1,0,75,False
VIJGCY,77,2,0,76,False
WAVPHJ,78,1,0,77,False
FKMMFX,79,2,0,78,False
TSQSXU,80,1,0,79,False
WPOWCC,81,1,0,80,False
XNABFQ,82,3,0,81,False
GULVUQ,83,1,0,82,False
PQCVZR,84,2,0,83,False
LRUUYO,85,2,0,84,False
SHVLUA,86,3,0,85,False
LVFBKT,87,2,0,86,False
JMODHP,88,1,0,87,False
KVVEEO,89,3,0,88,False
BFKWDE,90,3,0,89,False
GIIBPK,91,3,0,90,False
FBGAGT,92,3,0,91,False
LTXTSM,93,3,0,92,False
LWKLZR,94,2,0,93,False
EVYZKW,95,3,0,94,False
ASIUWR,96,1,0,95,False
IPYYCC,97,2,0,96,False
GBAFZN,98,1,0,97,False
IQDVVP,99,2,0,98,False
LFDUXR,100,2,0,99,False
UATIXT,101,2,0,100,False
LODAOT,102,3,0,101,False
LSTVUG,103,2,0,102,False
THDYWN,104,2,0,103,False
MVOFXO,105,2,0,104,False
FIMXUB,106,1,0,105,False
WIJHQT,107,3,0,106,False
IHGPDD,108,1,0,107,False
MXCAAT,109,3,0,108,False
EKSWVI,110,1,0,109,False
EVHWXH,111,2,0,110,False
RZESWO,112,2,0,111,False
QEGCVV,113,3,0,112,False
RZGAZQ,114,1,0,113,False
OCWTZL,115,1,0,114,False
JJKXOM,116,1,0,115,False
DOAPWP,117,1,0,116,False
YJNSWP,118,3,0,117,False
DHEVCK,119,1,0,118,False
QPWRIA,120,2,0,119,False
EAXOJD,121,3,0,120,False
MTSOTQ,122,1,0,121,False
XIGYXV,123,2,0,122,False
ZHEIUN,124,3,0,123,False
KCNAXK,125,2,0,124,False
LSNAZB,126,1,0,125,False
OGTREP,127,1,0,126,False
IABXYD,128,2,0,127,False
VIJQET,129,2,0,128,False
AZRBPK,130,2,0,129,False
RWMPJP,131,2,0,130,False
HBDPIZ,132,2,0,131,False
GFLISJ,133,3,0,132,False
NADGNU,134,3,0,133,False
RMRYFP,135,2,0,134,False
DWEKTX,136,2,0,135,False
FQBUPY,137,1,0,136,False
FIBLDR,138,3,0,137,False
WQHEHR,139,3,0,138,False
ZLDJBW,139,3,0,139,False
KKWCIE,140,1,0,141,False
ENSRSK,141,1,0,142,False
KZHVTY,142,2,0,143,False
OTGSIV,1,3,0,0,False
VISAME,2,1,0,1,False
PJFRMK,3,3,0,2,False
YGWWNU,4,1,0,3,False
QEWOLL,5,1,0,4,False
IDXXYK,6,3,0,5,False
IRUMPM,7,1,0,6,False
MPLHYK,8,2,0,7,False
PPIFFV,9,2,0,8,False
NHIQBY,10,1,0,9,False
PZCTFQ,11,2,0,10,False
CAEVLC,12,1,0,12,False
WPPXBR,13,1,0,14,False
LWBRSC,14,3,0,15,False
ZAZVTD,15,2,0,16,False
BCUJIR,16,2,0,17,False
HBQQVM,17,3,0,18,False
FGJBFH,18,3,0,19,False
CZKNEQ,19,3,0,20,False
TYUTEC,20,3,0,21,False
JXMUWZ,21,3,0,23,False
GDBYXE,22,3,0,24,False
FURMEY,23,1,0,25,False
FTFNQX,24,3,0,26,False
FJZVRH,25,2,0,27,False
PPYVUW,26,2,0,29,False
DPMYJT,27,2,0,30,False
VZWKOQ,28,1,0,31,False
THIQZP,29,3,0,32,False
EBLXLB,30,3,0,37,False
XOCREC,31,1,0,38,False
QASSYM,32,1,0,40,False
UOACUM,33,2,0,41,False
WYWYZX,34,2,0,42,False
UQJNEU,35,2,0,44,False
BMYBCM,36,1,0,45,False
PEGLMU,37,2,0,46,False
RXDQPP,38,2,0,47,False
BXBINQ,39,2,0,48,False
VUJREO,40,3,0,49,False
VVNCPD,41,1,0,50,False
ULCYKT,42,3,0,51,False
LGNFZW,43,3,0,52,False
AWVPIJ,44,3,0,53,False
DVJWPH,45,2,0,54,False
HQBJCC,46,1,0,55,False
EHHGMX,47,3,0,56,False
OEEFFV,48,3,0,57,False
HVXZYF,49,2,0,58,False
IFQDCM,50,1,0,59,False
OQHICA,51,1,0,60,False
SFMHPF,52,2,0,61,False
WELMEP,53,1,0,62,False
VNGZIE,54,3,0,63,False
ICJFRQ,55,1,0,65,False
ALZJQF,56,3,0,67,False
JJVCNV,57,3,0,68,False
DLUSBB,58,1,0,69,False
LRQPBB,59,2,0,70,False
TKSHWD,60,3,0,71,False
XJENUF,61,2,0,72,False
FNRQGK,62,1,0,74,False
MCWEEJ,63,2,0,76,False
EIQWYH,64,3,0,77,False
JOZNCK,65,3,0,78,False
RTDPMS,66,1,0,79,False
AHYHWE,67,2,0,80,False
SMNNHI,68,2,0,81,False
JALSTW,69,1,0,82,False
QIVHWE,70,1,0,83,False
FTIMBL,71,3,0,84,False
IYHPML,72,2,0,85,False
WDBHXG,73,1,0,87,False
ZAUJFQ,74,1,0,89,False
RXBFUN,75,2,0,90,False
IGEJQV,76,3,0,91,False
OSIHDW,77,1,0,92,False
XTPMBC,78,2,0,93,False
OTGSIV,78,2,0,94,False
YGWWNU,79,2,0,95,False
QEWOLL,80,2,0,98,False
IDXXYK,81,2,0,101,False
IRUMPM,82,3,0,102,False
MPLHYK,83,2,0,103,False
PPIFFV,84,3,0,105,False
NHIQBY,85,3,0,106,False
PZCTFQ,86,3,0,108,False
WPPXBR,87,2,0,111,False
LWBRSC,88,2,0,112,False
ZAZVTD,89,1,0,113,False
HBQQVM,90,1,0,115,False
FGJBFH,91,1,0,116,False
TYUTEC,92,3,0,117,False
JXMUWZ,93,1,0,118,False
FTFNQX,94,2,0,119,False
FJZVRH,95,1,0,120,False
PPYVUW,96,2,0,121,False
DPMYJT,97,3,0,122,False
VZWKOQ,98,1,0,124,False
THIQZP,99,2,0,125,False
QASSYM,100,3,0,126,False
UQJNEU,101,1,0,127,False
BMYBCM,102,1,0,128,False
RXDQPP,103,1,0,129,False
BXBINQ,104,1,0,130,False
VVNCPD,105,2,0,132,False
ULCYKT,106,3,0,133,False
AWVPIJ,107,1,0,135,False
DVJWPH,108,2,0,136,False
HQBJCC,109,2,0,137,False
OEEFFV,110,2,0,139,False
IFQDCM,111,1,0,140,False
ALZJQF,112,1,0,141,False
FNRQGK,113,1,0,142,False
MCWEEJ,114,1,0,143,False
QORATT,1,3,0,0,False
EDLENN,2,3,0,1,False
HGCHJN,3,2,0,2,False
HYTZVY,4,1,0,4,False
DYMBCR,5,3,0,5,False
IGXEOQ,6,1,0,6,False
XEKXUL,7,2,0,7,False
MRBUZL,8,1,0,8,False
SWNRRW,9,2,0,9,False
HQHHNU,10,1,0,11,False
MAESTD,11,2,0,12,False
LYXNUG,12,2,0,13,False
EPGHQH,13,1,0,14,False
ZBGOSC,14,1,0,15,False
BIDOWB,15,2,0,16,False
QGYTPY,16,1,0,17,False
JDPANH,17,2,0,18,False
AEZILX,18,3,0,19,False
ZSQXGD,19,2,0,20,False
KCPPLN,20,2,0,21,False
EWZVID,21,3,0,24,False
AEXQLM,22,1,0,25,False
FPNGKD,23,1,0,26,False
XYNBRM,24,2,0,29,False
KIWGHP,25,2,0,30,False
VHCFFP,26,3,0,31,False
ZMUHVD,27,1,0,32,False
PWEOXN,28,1,0,33,False
PYKREN,29,2,0,36,False
XLZITF,30,2,0,37,False
SQYKGJ,31,2,0,38,False
FOKQSX,32,3,0,40,False
ELZERH,33,1,0,41,False
CMYAAL,34,1,0,42,False
NYSENW,35,1,0,46,False
HCASOE,36,3,0,47,False
JXWUPG,37,2,0,49,False
QKSFQA,38,2,0,51,False
BAERHG,39,3,0,52,False
PXMGPG,40,2,0,54,False
EFIENN,41,3,0,55,False
YXWJSV,42,1,0,57,False
BGFEKW,43,1,0,58,False
DRAUZC,44,2,0,59,False
QVAOFH,45,1,0,60,False
XFRIHN,46,2,0,61,False
TZVTRS,47,2,0,62,False
BSUOYX,48,1,0,64,False
NQSHFT,49,3,0,66,False
CPQFUG,50,3,0,67,False
APFTMU,51,3,0,69,False
AXYQKM,52,3,0,70,False
IULXCH,53,1,0,72,False
FLULVD,54,2,0,73,False
ISJZDO,55,1,0,74,False
JFOYNW,56,2,0,79,False
SJSLIZ,57,3,0,82,False
CDJUXP,58,3,0,83,False
QLRHTY,59,3,0,84,False
ALDKCR,60,1,0,86,False
BPWLYB,61,3,0,87,False
ACAXCM,62,1,0,88,False
POKRZM,63,2,0,89,False
OGHXDF,64,1,0,92,False
HVCMMZ,65,2,0,93,False
ZGNRFU,66,2,0,94,False
ZIRXIN,67,2,0,95,False
UXBUUK,68,1,0,97,False
EYHZKU,69,3,0,99,False
MAWLNL,70,2,0,100,False
ZDVNFG,71,3,0,102,False
LNRKCV,72,3,0,103,False
SZPFIF,73,1,0,104,False
DQXFWM,74,1,0,105,False
YSAZDO,75,2,0,107,False
ZUXAUW,76,3,0,108,False
STMBGE,77,3,0,110,False
UTHBPP,78,2,0,111,False
AYGBRT,79,1,0,112,False
FYYMEQ,80,1,0,113,False
UDAATL,81,2,0,114,False
QPUGCT,82,1,0,115,False
UBFWWI,83,2,0,116,False
DYMBCR,83,3,0,117,False
XEKXUL,84,2,0,118,False
HQHHNU,85,2,0,120,False
BIDOWB,86,2,0,121,False
QGYTPY,87,1,0,122,False
XYNBRM,88,3,0,123,False
XLZITF,89,3,0,124,False
ELZERH,90,1,0,125,False
HCASOE,91,1,0,126,False
QKSFQA,92,1,0,127,False
BAERHG,93,2,0,128,False
YXWJSV,94,3,0,129,False
BGFEKW,95,1,0,131,False
TZVTRS,96,1,0,133,False
BSUOYX,97,3,0,134,False
CPQFUG,98,2,0,135,False
ISJZDO,99,3,0,136,False
JFOYNW,100,1,0,138,False
SJSLIZ,101,2,0,139,False
CDJUXP,102,3,0,140,False
ALDKCR,103,3,0,141,False
BPWLYB,104,2,0,142,False
PQODMA,1,1,0,0,False
KOUIAM,2,3,0,1,False
PPTGVF,3,2,0,2,False
RVZIBR,4,1,0,3,False
NPIQCL,5,2,0,4,False
WNYUFO,6,3,0,5,False
IOCVLT,7,2,0,6,False
APHOXF,8,1,0,7,False
TUVLDQ,9,3,0,8,False
TJUVLD,10,2,0,9,False
GCJJWT,11,3,0,10,False
WYCVPP,12,1,0,12,False
BEFGYY,13,3,0,13,False
FURUMF,14,3,0,14,False
PQSWSR,15,1,0,15,False
JKGLFB,16,3,0,16,False
QSTZEO,17,3,0,17,False
SWONBW,18,2,0,19,False
PPGETS,19,2,0,20,False
TKPKXW,20,2,0,21,False
VHOGUO,21,2,0,22,False
HXIXPM,22,3,0,23,False
BTCZHU,23,3,0,24,False
XYHGLJ,24,3,0,25,False
AONZWD,25,2,0,26,False
BTGNOG,26,3,0,27,False
KHWLMG,27,3,0,28,False
QKFZYY,28,1,0,29,False
UAWHLK,29,1,0,30,False
DHMJTW,30,2,0,31,False
ZDXYNU,31,3,0,32,False
DVWSAW,32,3,0,33,False
YWOPLS,33,2,0,34,False
CFQFPF,34,3,0,35,False
RLNIWT,35,2,0,36,False
PCBRRB,36,2,0,37,False
CMOYPE,37,3,0,38,False
AHMDMK,38,3,0,39,False
ZDNTXN,39,1,0,40,False
BFDSKU,40,1,0,41,False
XHOEHG,41,3,0,42,False
SJINNP,42,3,0,43,False
LOPNET,43,1,0,44,False
RLPXCQ,44,3,0,45,False
PJIKFH,45,2,0,46,False
UPRSTN,46,1,0,47,False
RKMICM,47,2,0,48,False
ETOUYM,48,1,0,49,False
XXISCN,49,2,0,50,False
JJTDRG,50,1,0,51,False
HAYBFQ,51,2,0,52,False
VBGBXD,52,1,0,53,False
UVHROQ,53,1,0,54,False
ULJAEA,54,1,0,55,False
DSTIAV,55,2,0,56,False
BOZUCB,56,1,0,57,False
CPMXYG,57,3,0,58,False
KLGOPK,58,3,0,59,False
KCFXJC,59,2,0,60,False
ERWRTT,60,2,0,62,False
FBVXXW,61,3,0,63,False
KZRKSJ,62,2,0,64,False
YKEUQK,63,3,0,65,False
IICQPI,64,2,0,66,False
NAQMDX,65,2,0,67,False
WCHFAL,66,1,0,68,False
QXIUJL,67,3,0,69,False
RUIQNH,68,3,0,70,False
HEXAVA,69,2,0,71,False
SJKTGD,70,3,0,72,False
ZTMBUL,71,3,0,73,False
JGAKXS,72,1,0,74,False
LOVIJY,73,2,0,75,False
HEXANM,74,1,0,76,False
PYVUVE,75,2,0,78,False
VTAHMN,76,2,0,79,False
OEMZPH,77,3,0,80,False
CDGQKS,78,3,0,81,False
BKTLLQ,79,2,0,82,False
YUPVJE,80,2,0,83,False
DDOTRI,81,2,0,84,False
YJCFTI,82,3,0,85,False
LIQUAZ,83,2,0,86,False
EMWSZR,84,1,0,87,False
OCHWSU,85,3,0,88,False
WXLKVF,86,2,0,89,False
BVJQRU,87,2,0,90,False
XGYDMG,88,1,0,91,False
RIRLUY,89,2,0,92,False
ISHCYG,90,2,0,93,False
FIJIYK,91,2,0,94,False
KVCYFI,92,3,0,95,False
JABUIW,93,1,0,96,False
OHLQJI,94,3,0,97,False
OZBJSM,95,1,0,98,False
FDRIUL,96,2,0,99,False
NTXGBT,97,1,0,100,False
WBHLUZ,98,3,0,101,False
XFTAEH,99,1,0,102,False
LCUTJK,100,1,0,103,False
WNDMOQ,101,2,0,104,False
SLXGTU,102,2,0,105,False
QKKIIB,103,3,0,106,False
YJSNBX,104,3,0,107,False
CLBQBJ,105,1,0,108,False
RQSFNM,106,1,0,109,False
CIFIUT,107,3,0,110,False
GMDFFS,108,3,0,111,False
YIIUOK,109,3,0,112,False
AUMPTW,110,1,0,113,False
FEHJSJ,111,2,0,114,False
SHZWTC,112,1,0,115,False
CWGRII,113,2,0,116,False
ECJQGM,114,1,0,117,False
UIBLHZ,115,1,0,118,False
ZONHJC,116,3,0,119,False
RMVEWY,117,1,0,120,False
MTBQWG,118,2,0,121,False
MBPHBD,119,2,0,122,False
JYZPNG,120,1,0,123,False
NBRDOF,121,2,0,124,False
MMDFCT,122,2,0,125,False
SILTYX,123,2,0,126,False
RHKMBI,124,3,0,127,False
FWVZNI,125,2,0,128,False
ISERUR,126,1,0,129,False
SATEUK,127,3,0,130,False
QCDGED,128,2,0,131,False
LAPFAO,129,3,0,132,False
CQXZFI,130,1,0,133,False
BUXPPI,131,1,0,134,False
LYZCAW,132,1,0,135,False
XTHEKZ,133,2,0,136,False
IDSGHU,134,1,0,137,False
UCFXZC,135,1,0,138,False
KOUIAM,135,3,0,139,False
PPTGVF,136,3,0,140,False
WNYUFO,137,2,0,141,False
APHOXF,138,2,0,142,False
TUVLDQ,139,3,0,143,False
AULLQV,1,2,0,0,False
GURVEQ,2,3,0,1,False
UWPQDW,3,1,0,2,False
QHJFKV,4,1,0,3,False
MKZRGA,5,3,0,4,False
OEZZRQ,6,3,0,5,False
STKXDK,7,1,0,6,False
JJYKGQ,8,3,0,7,False
WJUHML,9,1,0,8,False
GWDBKW,10,3,0,9,False
BUPVCO,11,1,0,10,False
XTLTHZ,12,1,0,11,False
MUDTHY,13,3,0,12,False
IGIQOY,14,3,0,13,False
HMQTDA,15,3,0,14,False
TVPEKB,16,2,0,15,False
CVMRYL,17,2,0,16,False
GCNZWP,18,1,0,17,False
RVXEAU,19,1,0,18,False
DWUVRL,20,1,0,19,False
SYFBAL,21,3,0,20,False
RYUKMH,22,1,0,21,False
LIQCSD,23,1,0,22,False
NORNMG,24,2,0,23,False
RLSQYR,25,1,0,24,False
FBVQUE,26,3,0,25,False
NGIOKS,27,1,0,26,False
OMEJOQ,28,1,0,27,False
SUJOJC,29,1,0,28,False
NBCVWB,30,3,0,29,False
NJMGNQ,31,2,0,30,False
MNIZGC,32,3,0,31,False
CVXHLX,33,3,0,32,False
KPKYJK,34,2,0,33,False
RPVKYV,35,2,0,34,False
DNXXXW,36,1,0,35,False
KSGOYY,37,3,0,36,False
POZQWV,38,2,0,37,False
PJTMMU,39,2,0,38,False
RRMSCC,40,1,0,39,False
MONXEX,41,3,0,40,False
BUGXXV,42,2,0,41,False
OTJSVL,43,2,0,42,False
SVLMIA,44,1,0,43,False
ZSIKXR,45,2,0,44,False
OCBZSZ,46,2,0,46,False
WDUBBU,47,3,0,47,False
VPBDRE,48,2,0,48,False
NABVHV,49,2,0,49,False
AUBZKV,50,1,0,50,False
BYHZHZ,51,3,0,51,False
JMNTTZ,52,1,0,52,False
KCPQLO,53,1,0,54,False
KBFQNF,54,2,0,55,False
DLZPHG,55,3,0,56,False
CRLOJC,56,1,0,57,False
OGUHRA,57,2,0,58,False
ADSRVF,58,2,0,59,False
RRKDRT,59,3,0,60,False
AEYPQK,60,3,0,61,False
TTLZMM,61,2,0,62,False
WCZBUI,62,3,0,63,False
KJJKCC,63,2,0,64,False
BDMBUY,64,1,0,65,False
LILJCU,65,2,0,66,False
ICAKAB,66,2,0,67,False
NTHAAP,67,2,0,68,False
VZMJDC,68,2,0,69,False
JMGUVS,69,1,0,70,False
WTNKKS,70,2,0,71,False
CYDERR,71,3,0,72,False
GBGPHD,72,1,0,74,False
KNOAPJ,73,3,0,75,False
SZFADG,74,3,0,76,False
JDAMSD,75,2,0,77,False
JZSRIE,76,1,0,78,False
VAEGWK,77,2,0,79,False
LIZEPS,78,3,0,80,False
GQCRUD,79,1,0,81,False
WDKFLF,80,3,0,82,False
BTUDYY,81,3,0,83,False
KMBAYD,82,3,0,84,False
THXCLJ,83,3,0,85,False
KVBDEV,84,3,0,86,False
EYPKUQ,85,1,0,87,False
WSSAZG,86,2,0,88,False
UGNXAC,87,2,0,89,False
LOMFEG,88,2,0,90,False
ZAFXGS,89,3,0,91,False
ISEKUG,90,2,0,92,False
IBWELK,91,3,0,94,False
CKHMIH,92,1,0,95,False
QSIBKR,93,2,0,97,False
IAOLAY,94,2,0,98,False
QTUIVE,95,3,0,100,False
JHIJPC,96,3,0,101,False
KGRBZG,97,3,0,102,False
FLRGFB,98,1,0,105,False
ZHURLU,99,3,0,106,False
KLBOBE,100,3,0,107,False
TENNWY,101,1,0,111,False
UZCGDG,102,2,0,112,False
FXOXCA,103,2,0,113,False
KBIZCR,104,3,0,115,False
RRSJYR,105,2,0,116,False
ORUYFJ,106,3,0,117,False
STTHJE,107,1,0,118,False
LYDFNW,108,2,0,119,False
GURVEQ,108,3,0,121,False
QHJFKV,109,1,0,123,False
STKXDK,110,3,0,124,False
JJYKGQ,111,1,0,125,False
TVPEKB,112,1,0,126,False
GCNZWP,113,1,0,128,False
RVXEAU,114,1,0,129,False
SYFBAL,115,2,0,130,False
LIQCSD,116,1,0,131,False
NORNMG,117,1,0,132,False
FBVQUE,118,3,0,133,False
NGIOKS,119,2,0,134,False
OMEJOQ,120,2,0,137,False
SUJOJC,121,3,0,138,False
NBCVWB,122,3,0,139,False
MNIZGC,123,1,0,140,False
RPVKYV,124,3,0,141,False
DNXXXW,125,3,0,142,False
MHALEQ,1,1,0,0,False
ZMAXSG,2,3,0,1,False
VTPRHX,3,2,0,3,False
MHJNGQ,4,2,0,4,False
OIUNKC,5,1,0,5,False
RGYAXA,6,2,0,6,False
BBENTX,7,2,0,7,False
VPVNNN,8,1,0,8,False
SIBVEV,9,2,0,9,False
QAQEFW,10,1,0,10,False
HLNXIC,11,1,0,11,False
GRHBFN,12,3,0,12,False
UZPJCX,13,2,0,13,False
OUBACY,14,1,0,14,False
UPVYFZ,15,2,0,16,False
GNLUEW,16,1,0,17,False
SIPGOY,17,3,0,18,False
IERCCB,18,1,0,19,False
UHTDUZ,19,2,0,20,False
UAEGNP,20,3,0,21,False
SQMRIO,21,1,0,22,False
SOVEOM,22,3,0,23,False
JKGOVY,23,2,0,24,False
EWZBIM,24,1,0,25,False
OAURYM,25,1,0,26,False
VUQFUV,26,1,0,28,False
ZPLLAG,27,2,0,30,False
YKGRBR,28,2,0,31,False
CBJSPG,29,3,0,32,False
MZDIKS,30,2,0,33,False
IBOAVV,31,3,0,34,False
WTTHVQ,32,3,0,36,False
BCDGSU,33,2,0,37,False
KQHCJE,34,3,0,38,False
FOYAIQ,35,2,0,39,False
BBXBHO,36,1,0,41,False
GDABJB,37,1,0,42,False
IYSMHF,38,2,0,43,False
VEICFD,39,2,0,44,False
KQKZIL,40,3,0,45,False
HNKJHV,41,3,0,46,False
HMGKHD,42,3,0,50,False
KSKVAZ,43,2,0,51,False
IGVQGT,44,3,0,52,False
KQAIJG,45,3,0,54,False
WPOBBG,46,3,0,55,False
RASSZP,47,2,0,57,False
ZZVUGX,48,1,0,58,False
EDMMBP,49,2,0,59,False
XJRTCJ,50,2,0,60,False
REWRPH,51,1,0,61,False
YIWKIX,52,2,0,62,False
QHTSUT,53,3,0,63,False
JTTNEV,54,3,0,64,False
TYFOXQ,55,2,0,66,False
MNZVUS,56,1,0,68,False
IXOXCW,57,2,0,70,False
JSKEDZ,58,1,0,72,False
RCIKNS,59,1,0,73,False
LJXVVU,60,1,0,74,False
KMGDCJ,61,1,0,75,False
WMRKXV,62,3,0,78,False
MJGJDW,63,2,0,80,False
YERAYS,64,3,0,81,False
ATWSPP,65,2,0,82,False
DNOERA,66,1,0,84,False
XKXJRH,67,2,0,85,False
DEBVYH,68,3,0,86,False
BBWOZV,69,2,0,87,False
LISLDZ,70,1,0,88,False
TEEHZJ,71,3,0,89,False
CFRILI,72,2,0,90,False
GUDOCM,73,3,0,91,False
DNDSRC,74,3,0,92,False
FINMLI,75,1,0,93,False
EZAVGZ,76,1,0,94,False
AREXTB,77,2,0,95,False
UZFMUT,78,3,0,96,False
NASHFU,79,2,0,97,False
KGAFCV,80,2,0,98,False
WPSBZV,81,2,0,99,False
TKKFZX,82,1,0,100,False
NBOTFQ,83,1,0,101,False
XMMNRK,84,2,0,102,False
NQBFAZ,85,1,0,103,False
COMESM,86,1,0,104,False
YHTEHL,87,1,0,105,False
KEEHTN,88,3,0,106,False
JNWCRC,89,2,0,107,False
LVSTSM,90,2,0,109,False
LZDSKG,91,3,0,110,False
PGJMLQ,92,1,0,111,False
KQDQZB,93,1,0,112,False
CQEVOX,94,1,0,113,False
SZXLLQ,95,2,0,114,False
DWNMPO,96,1,0,115,False
NYTPIV,97,1,0,116,False
MHALEQ,97,1,0,117,False
VTPRHX,98,3,0,118,False
OIUNKC,99,3,0,120,False
VPVNNN,100,3,0,122,False
SIBVEV,101,2,0,123,False
GNLUEW,102,2,0,124,False
SIPGOY,103,1,0,125,False
UHTDUZ,104,1,0,126,False
UAEGNP,105,2,0,127,False
SQMRIO,106,2,0,128,False
SOVEOM,107,3,0,129,False
EWZBIM,108,2,0,130,False
CBJSPG,109,2,0,131,False
MZDIKS,110,2,0,132,False
BCDGSU,111,3,0,133,False
KQHCJE,112,2,0,134,False
FOYAIQ,113,3,0,135,False
GDABJB,114,1,0,136,False
KQKZIL,115,3,0,137,False
HMGKHD,116,2,0,139,False
KSKVAZ,117,3,0,140,False
IGVQGT,118,1,0,141,False
WPOBBG,119,2,0,142,False
RASSZP,120,3,0,143,False
AHSMWS,1,3,0,0,False
ZYGTWU,2,1,0,1,False
RAKFON,3,2,0,2,False
HRKLHV,4,2,0,4,False
QTSUMP,5,1,0,6,False
LQOPDE,6,1,0,8,False
XZGAIO,7,2,0,9,False
IUZXJN,8,3,0,11,False
LJMLLZ,9,3,0,12,False
GPJNIF,10,1,0,13,False
WGZPZB,11,2,0,14,False
ITYHWF,12,1,0,15,False
FRPMHF,13,3,0,17,False
HTDZMS,14,3,0,18,False
ONMLDU,15,2,0,19,False
ZRCUQL,16,2,0,20,False
HPZIBN,17,3,0,21,False
JWQLIA,18,1,0,23,False
CFXGXT,19,1,0,24,False
HSOKRZ,20,2,0,25,False
DJKJDH,21,3,0,26,False
QADCCQ,22,3,0,27,False
XBOOQD,23,1,0,28,False
FANQDI,24,2,0,29,False
MMZILU,25,2,0,30,False
IBYJMX,26,2,0,31,False
SEIIXH,27,1,0,32,False
VTPJTH,28,3,0,33,False
KJHFRV,29,1,0,34,False
WZSHSD,30,2,0,35,False
DJAVLZ,31,2,0,36,False
UHUNAI,32,3,0,37,False
JWBUDS,33,3,0,38,False
ODMDRU,34,2,0,39,False
MNGPDO,35,3,0,40,False
GXFCNO,36,1,0,41,False
MAJNSW,37,3,0,42,False
ITBEXN,38,3,0,44,False
WMLZSW,39,3,0,45,False
UGTRGZ,40,2,0,46,False
TIZCOK,41,3,0,48,False
YRVWWZ,42,1,0,49,False
JATIMC,43,3,0,50,False
LNEEEV,44,2,0,51,False
GTYGZA,45,1,0,52,False
UORJAL,46,1,0,53,False
ZYXVQW,47,1,0,55,False
XBTHDC,48,2,0,56,False
TORPNK,49,2,0,57,False
EUVLPE,50,1,0,58,False
OWZBSX,51,2,0,60,False
CXANHF,52,2,0,61,False
ULJVXJ,53,1,0,63,False
ZBYTWK,54,1,0,64,False
UUWNIC,55,1,0,65,False
CBIYZQ,56,3,0,66,False
USMTLF,57,1,0,69,False
EVRDQT,58,1,0,70,False
NZFSBQ,59,3,0,71,False
ANOZEG,60,3,0,72,False
MHZVKL,61,1,0,73,False
TBKFUV,62,2,0,74,False
RFLGXH,63,2,0,75,False
IEOSXK,64,1,0,77,False
WBDGCT,65,2,0,78,False
VTYQDH,66,2,0,79,False
RSRBYB,67,1,0,80,False
JJWXUZ,68,1,0,81,False
OBQZOS,69,3,0,82,False
BKAXVU,70,1,0,83,False
FMNUCE,71,3,0,84,False
RQRTJO,72,3,0,85,False
GFYAVS,73,1,0,86,False
AUXCVI,74,2,0,87,False
GFIWID,75,2,0,88,False
HRKLHV,75,2,0,89,False
QTSUMP,76,2,0,90,False
LQOPDE,77,1,0,91,False
XZGAIO,78,1,0,92,False
GPJNIF,79,3,0,93,False
WGZPZB,80,3,0,94,False
FRPMHF,81,2,0,96,False
HTDZMS,82,2,0,97,False
DJKJDH,83,2,0,99,False
QADCCQ,84,1,0,100,False
FANQDI,85,1,0,101,False
IBYJMX,86,3,0,102,False
SEIIXH,87,2,0,103,False
KJHFRV,88,2,0,104,False
WZSHSD,89,2,0,105,False
UHUNAI,90,1,0,106,False
JWBUDS,91,1,0,110,False
ODMDRU,92,1,0,112,False
MNGPDO,93,1,0,113,False
GXFCNO,94,2,0,114,False
MAJNSW,95,3,0,115,False
UGTRGZ,96,3,0,117,False
TIZCOK,97,3,0,118,False
JATIMC,98,1,0,120,False
LNEEEV,99,1,0,121,False
XBTHDC,100,3,0,123,False
EUVLPE,101,1,0,124,False
OWZBSX,102,2,0,126,False
ULJVXJ,103,3,0,128,False
ZBYTWK,104,1,0,129,False
UUWNIC,105,1,0,130,False
CBIYZQ,106,2,0,131,False
USMTLF,107,3,0,135,False
ANOZEG,108,3,0,136,False
RFLGXH,109,3,0,137,False
WBDGCT,110,2,0,138,False
VTYQDH,111,3,0,139,False
RSRBYB,112,2,0,141,False
JJWXUZ,113,2,0,142,False
OBQZOS,114,2,0,143,False
ZVEIVC,1,1,0,0,False
FIEYRW,2,3,0,1,False
RCIZJX,3,2,0,3,False
LTCNQX,4,3,0,4,False
BXVCBP,5,1,0,5,False
NYJPZT,6,2,0,6,False
UASILL,7,2,0,7,False
YKGJHF,8,3,0,9,False
AYMUFU,9,2,0,11,False
UHTWJJ,10,1,0,12,False
SQEGIN,11,3,0,13,False
CQWPMW,12,3,0,14,False
MEJENG,13,3,0,15,False
CGRFJM,14,2,0,16,False
EANXHX,15,1,0,17,False
AALYIR,16,3,0,18,False
NPQABM,17,3,0,19,False
OUROSE,18,3,0,20,False
AUOKBC,19,3,0,21,False
SCILZD,20,1,0,22,False
AHEEEH,21,3,0,23,False
UQZEUG,22,2,0,26,False
HHUMHP,23,3,0,27,False
EUTDBG,24,3,0,28,False
VRTWHY,25,1,0,29,False
IKUMBL,26,3,0,31,False
BUWWUZ,27,1,0,32,False
LYKFXE,28,1,0,33,False
RDBESO,29,2,0,34,False
PBCWOX,30,1,0,35,False
OMVBRB,31,3,0,37,False
MMGHGP,32,2,0,38,False
LRKLSV,33,3,0,41,False
PBHABV,34,1,0,42,False
WBYEJC,35,2,0,44,False
IEBJZX,36,3,0,45,False
GNDTLK,37,1,0,46,False
VBWTQH,38,2,0,47,False
RKMLJF,39,2,0,48,False
RDKUQG,40,2,0,49,False
RVMLNY,41,1,0,50,False
LQZLUQ,42,1,0,51,False
ACVMXE,43,2,0,52,False
UPDYYZ,44,2,0,53,False
VYNYAJ,45,2,0,54,False
HWOART,46,3,0,55,False
QAGHMH,47,2,0,56,False
EQTIJU,48,2,0,57,False
QFHPTL,49,1,0,58,False
YGVKZB,50,2,0,59,False
WWVHMR,51,1,0,61,False
KGBAIC,52,3,0,62,False
TUDGZT,53,2,0,64,False
GXTAOO,54,1,0,65,False
QBYMMD,55,1,0,66,False
YZZSGK,56,3,0,67,False
QWDZPV,57,1,0,68,False
FDIJNF,58,2,0,69,False
IXCFNN,59,2,0,71,False
LIVFFS,60,2,0,73,False
EZGHKJ,61,2,0,74,False
CWBRUW,62,1,0,75,False
ACYSUE,63,1,0,76,False
ESEMWK,64,1,0,77,False
YPRJXW,65,2,0,78,False
ZZSNHL,66,2,0,80,False
JUGSYQ,67,3,0,81,False
PYWSRZ,68,2,0,82,False
YANPFY,69,3,0,83,False
PQFCMO,70,2,0,84,False
MICTBU,71,3,0,85,False
LINWQT,72,2,0,86,False
PFYRPN,73,2,0,89,False
BMYEPK,74,2,0,90,False
TCQORT,75,3,0,92,False
HMYGPF,76,2,0,93,False
MJYGCQ,77,1,0,94,False
FNKCOF,78,2,0,95,False
CRZTGL,79,2,0,97,False
GPZKVT,80,2,0,98,False
ZVEIVC,80,2,0,99,False
FIEYRW,81,1,0,100,False
LTCNQX,82,1,0,102,False
YKGJHF,83,3,0,103,False
AYMUFU,84,1,0,106,False
CQWPMW,85,1,0,109,False
CGRFJM,86,3,0,112,False
NPQABM,87,3,0,113,False
AUOKBC,88,1,0,114,False
SCILZD,89,2,0,115,False
VRTWHY,90,3,0,116,False
IKUMBL,91,1,0,117,False
BUWWUZ,92,2,0,119,False
LYKFXE,93,2,0,120,False
PBCWOX,94,3,0,121,False
MMGHGP,95,1,0,122,False
LRKLSV,96,1,0,123,False
PBHABV,97,3,0,124,False
WBYEJC,98,2,0,125,False
GNDTLK,99,3,0,126,False
RKMLJF,100,3,0,127,False
LQZLUQ,101,1,0,128,False
HWOART,102,1,0,129,False
WWVHMR,103,3,0,130,False
KGBAIC,104,1,0,131,False
TUDGZT,105,2,0,133,False
GXTAOO,106,2,0,135,False
QBYMMD,107,3,0,136,False
YZZSGK,108,1,0,137,False
QWDZPV,109,2,0,138,False
FDIJNF,110,3,0,139,False
LIVFFS,111,2,0,140,False
EZGHKJ,112,1,0,141,False
ACYSUE,113,1,0,142,False
ESEMWK,114,2,0,143,False
PZXCQT,1,3,0,0,False
OOXFJH,2,1,0,1,False
LRAIXC,3,1,0,2,False
LZADGV,4,2,0,3,False
WBOPON,5,2,0,4,False
MNWPMK,6,3,0,5,False
XOKZJU,7,3,0,6,False
RVDCUG,8,1,0,7,False
RWSZHG,9,2,0,8,False
KDSYQQ,10,2,0,9,False
TFOXDU,11,1,0,10,False
FZOBIH,12,2,0,11,False
YWLUJB,13,1,0,14,False
FZYBLM,14,1,0,15,False
IUEIYQ,15,2,0,17,False
DJUHFA,16,2,0,19,False
PFKOFI,17,1,0,21,False
PVGDGR,18,1,0,22,False
OUPZYL,19,1,0,23,False
RXCWXR,20,3,0,24,False
TXEEAV,21,1,0,25,False
ZKZHJK,22,2,0,26,False
TKVBLL,23,1,0,27,False
ETMFDU,24,2,0,28,False
EJBZBM,25,3,0,29,False
OWWXYD,26,1,0,30,False
KDZQPX,27,3,0,31,False
GRXACJ,28,3,0,33,False
CKTUCM,29,3,0,34,False
ELUBJI,30,2,0,37,False
DDMLFE,31,2,0,38,False
WHCEMH,32,3,0,39,False
VCXJXJ,33,3,0,40,False
TYIAQO,34,1,0,41,False
HUCTZE,35,1,0,43,False
HDYAQD,36,2,0,44,False
HFSYCR,37,3,0,46,False
LOYXVE,38,1,0,47,False
UJXJOX,39,3,0,48,False
FHQMAP,40,2,0,49,False
EBQHUJ,41,1,0,51,False
RYNECI,42,1,0,53,False
AYOEDG,43,3,0,54,False
XHGSCM,44,2,0,55,False
MYIKDP,45,2,0,57,False
YESIOA,46,2,0,58,False
JDHLLA,47,2,0,59,False
OITRJN,48,3,0,60,False
EDFVYR,49,3,0,61,False
WYYNPT,50,1,0,62,False
QZIGCW,51,1,0,63,False
JNYOOC,52,1,0,64,False
GSEIMO,53,1,0,65,False
INQDDQ,54,3,0,66,False
LDWDYL,55,1,0,67,False
JKRJMX,56,2,0,68,False
NZVSCJ,57,3,0,70,False
ATHRZV,58,3,0,72,False
ZLSSKX,59,3,0,73,False
BALGVY,60,1,0,74,False
VFRNCB,61,3,0,75,False
KSGONZ,62,1,0,76,False
IFDWWI,63,2,0,77,False
FGRNDM,64,1,0,78,False
ZVZBPA,65,1,0,79,False
PTFHVB,66,1,0,80,False
DRLGQN,67,2,0,81,False
YTXIXB,68,3,0,82,False
QAPWSW,69,1,0,83,False
TLZVNB,70,1,0,84,False
PYWXIX,71,3,0,85,False
WMFGPS,72,1,0,86,False
NGDIXI,73,1,0,87,False
CISBDK,74,3,0,90,False
FRGDJW,75,2,0,91,False
UULOEC,76,1,0,92,False
RHFRLR,77,2,0,93,False
PXIXON,78,3,0,94,False
KQYJFU,79,3,0,95,False
ZADFSA,80,2,0,96,False
YOJASR,81,3,0,97,False
OQZNLZ,82,3,0,98,False
UJLTJG,83,3,0,99,False
YHPVSH,84,3,0,100,False
GGGJNA,85,2,0,101,False
MLILXQ,86,1,0,102,False
IJRKFH,87,3,0,103,False
GKAUZH,88,1,0,104,False
AQFLXQ,89,1,0,105,False
RFEYSU,90,2,0,107,False
NZXWSI,91,2,0,108,False
ZHEVIK,92,1,0,109,False
EYZSPV,93,2,0,110,False
MEFRYN,94,2,0,111,False
DXSODD,95,2,0,112,False
PZXCQT,95,3,0,113,False
LRAIXC,96,2,0,114,False
RVDCUG,97,3,0,115,False
KDSYQQ,98,1,0,116,False
YWLUJB,99,3,0,117,False
FZYBLM,100,2,0,118,False
IUEIYQ,101,1,0,119,False
PFKOFI,102,3,0,120,False
PVGDGR,103,1,0,121,False
RXCWXR,104,2,0,122,False
ETMFDU,105,1,0,123,False
EJBZBM,106,2,0,124,False
OWWXYD,107,2,0,125,False
KDZQPX,108,1,0,126,False
GRXACJ,109,1,0,127,False
CKTUCM,110,2,0,128,False
ELUBJI,111,2,0,129,False
DDMLFE,112,1,0,130,False
VCXJXJ,113,1,0,131,False
HUCTZE,114,2,0,132,False
HFSYCR,115,2,0,133,False
UJXJOX,116,3,0,134,False
EBQHUJ,117,1,0,136,False
RYNECI,118,1,0,137,False
AYOEDG,119,1,0,140,False
YESIOA,120,1,0,141,False
OITRJN,121,1,0,142,False
CNDWKO,1,1,0,1,False
NNQFFJ,2,3,0,2,False
QHAFSB,3,2,0,3,False
PAWRMC,4,3,0,4,False
NHBQCB,5,1,0,5,False
DFERTN,6,1,0,6,False
RCYJWE,7,3,0,8,False
DMZNQE,8,1,0,9,False
AUWEMK,9,2,0,10,False
NIWORS,10,3,0,11,False
PCOUWJ,11,2,0,12,False
XFFWOS,12,3,0,13,False
VREOZI,13,2,0,14,False
JEFDZX,14,3,0,15,False
KYGGGU,15,1,0,16,False
QXGITL,16,2,0,19,False
IYCWZP,17,1,0,20,False
TGJCXL,18,2,0,22,False
VHWUIV,19,1,0,23,False
ZKMNWQ,20,3,0,24,False
IFOJJH,21,3,0,25,False
CTIQJP,22,3,0,26,False
SVFSVA,23,2,0,27,False
GFLEXX,24,1,0,28,False
AEHLVH,25,1,0,30,False
QCFAWU,26,1,0,32,False
QYLLEZ,27,2,0,33,False
SQFMFQ,28,2,0,36,False
ZHWNAI,29,1,0,38,False
IMLQFB,30,2,0,39,False
KJABEL,31,3,0,40,False
TXRFEI,32,1,0,42,False
RGUBGW,33,2,0,43,False
LIWJBM,34,3,0,44,False
LBBGZC,35,1,0,45,False
WPIALX,36,2,0,46,False
RKCHCA,37,2,0,47,False
NKWGXG,38,2,0,49,False
ENWDVN,39,2,0,50,False
NEYWES,40,2,0,53,False
PIUSUI,41,2,0,55,False
KRGUYQ,42,3,0,56,False
RHMFLL,43,3,0,57,False
MSEJAW,44,1,0,59,False
QENGGW,45,3,0,62,False
EZGCWD,46,2,0,63,False
DOPUEN,47,2,0,64,False
JGTWDH,48,3,0,65,False
YCRFRO,49,3,0,67,False
PXLCEL,50,2,0,68,False
KDVNNI,51,2,0,69,False
ENKEXY,52,2,0,70,False
JSDLUH,53,3,0,71,False
WIAPMB,54,1,0,72,False
XTINIF,55,1,0,74,False
SPPUGN,56,1,0,75,False
OMFBOX,57,2,0,76,False
DXJPZR,58,1,0,77,False
IRIUWJ,59,3,0,78,False
QAPELW,60,1,0,79,False
FBMUTC,61,3,0,80,False
RHMLWD,62,2,0,81,False
XAXOVK,63,1,0,82,False
KDECMX,64,1,0,83,False
VUQBSV,65,3,0,84,False
OZRDWO,66,1,0,85,False
YUFJNK,67,1,0,87,False
CECTCK,68,2,0,89,False
RXXLGJ,69,3,0,90,False
GERUZL,70,3,0,91,False
SHYQWZ,71,1,0,92,False
NJAEHY,72,3,0,93,False
INHNHN,73,1,0,94,False
NNQFFJ,73,1,0,96,False
QHAFSB,74,1,0,97,False
PAWRMC,75,2,0,99,False
RCYJWE,76,2,0,100,False
NIWORS,77,1,0,101,False
JEFDZX,78,2,0,103,False
KYGGGU,79,3,0,104,False
QXGITL,80,3,0,105,False
TGJCXL,81,2,0,106,False
VHWUIV,82,1,0,107,False
ZKMNWQ,83,1,0,108,False
SVFSVA,84,1,0,109,False
GFLEXX,85,3,0,110,False
AEHLVH,86,2,0,111,False
QYLLEZ,87,2,0,112,False
SQFMFQ,88,3,0,114,False
IMLQFB,89,1,0,115,False
RGUBGW,90,3,0,116,False
LIWJBM,91,3,0,117,False
LBBGZC,92,2,0,118,False
RKCHCA,93,2,0,119,False
NKWGXG,94,2,0,120,False
NEYWES,95,2,0,121,False
PIUSUI,96,2,0,122,False
RHMFLL,97,2,0,123,False
MSEJAW,98,1,0,125,False
DOPUEN,99,1,0,126,False
JGTWDH,100,1,0,127,False
PXLCEL,101,1,0,128,False
KDVNNI,102,1,0,129,False
ENKEXY,103,2,0,131,False
WIAPMB,104,3,0,133,False
DXJPZR,105,3,0,135,False
XAXOVK,106,3,0,138,False
VUQBSV,107,3,0,140,False
OZRDWO,108,3,0,141,False
CECTCK,109,2,0,142,False
RXXLGJ,110,3,0,143,False
CWLJHW,1,1,0,0,False
QICDQF,2,3,0,1,False
EGPZDT,3,1,0,2,False
YYUXAS,4,1,0,3,False
IWSMXQ,5,2,0,4,False
PAVXES,6,2,0,5,False
FJJUXU,7,2,0,6,False
ZNLDGG,8,3,0,8,False
MJHVTQ,9,1,0,9,False
CFFZAL,10,2,0,10,False
RDKRWH,11,1,0,11,False
ZQKLMC,12,2,0,12,False
CAIIOQ,13,3,0,13,False
NTNAYJ,14,3,0,14,False
GJILYV,15,1,0,15,False
LHGAYE,16,2,0,16,False
BXXNCO,17,1,0,17,False
GIMGHW,18,2,0,18,False
YOHAGL,19,1,0,19,False
GIANOF,20,2,0,20,False
AYFQQE,21,1,0,21,False
RWCWDU,22,1,0,22,False
GMCUIU,23,3,0,23,False
ZZCRDC,24,2,0,24,False
JTIXNQ,25,1,0,25,False
UZQROV,26,2,0,26,False
YZUHOH,27,3,0,27,False
TFHQHS,28,1,0,28,False
LEQZCM,29,3,0,29,False
KTTZWR,30,1,0,31,False
QLHANA,31,1,0,32,False
PPPWLY,32,3,0,33,False
OVXFVZ,33,1,0,34,False
BPFNRE,34,1,0,35,False
MHJUKT,35,1,0,36,False
ZGZYXO,36,1,0,37,False
GDTJHI,37,1,0,38,False
IKETTT,38,2,0,40,False
NWKRHQ,39,2,0,41,False
MLGLXF,40,2,0,42,False
DMAYTQ,41,2,0,45,False
YJUFSK,42,3,0,46,False
XUZDHB,43,2,0,47,False
NQMDZN,44,3,0,48,False
LUOZVE,45,2,0,50,False
OZADLH,46,3,0,51,False
EUCJNN,47,1,0,52,False
DWLXTQ,48,3,0,53,False
PPOWJC,49,1,0,54,False
YLLZNU,50,1,0,55,False
YBOVCL,51,3,0,56,False
DUFYUR,52,2,0,57,False
IQMSFB,53,2,0,60,False
UZAOYW,54,1,0,62,False
TVGJYA,55,1,0,63,False
EVDBJQ,56,1,0,64,False
DSTXMZ,57,1,0,65,False
XCGXFF,58,3,0,66,False
HAGOSQ,59,3,0,70,False
HSVJNJ,60,1,0,71,False
JWVEUZ,61,2,0,72,False
FZWSVQ,62,2,0,73,False
GEPSJJ,63,3,0,74,False
UKHKCM,64,3,0,75,False
FPRNTZ,65,2,0,76,False
VJOJQX,66,1,0,77,False
DQGUWR,67,1,0,78,False
UFXJDA,68,2,0,80,False
UHYVTE,69,3,0,82,False
AYCBGV,70,1,0,83,False
YZGGVK,71,1,0,84,False
LINJOI,72,2,0,85,False
MGWDFV,73,3,0,86,False
FXUEOU,74,3,0,87,False
WRTDAE,75,3,0,88,False
UJEZDJ,76,1,0,89,False
MXWGBH,77,3,0,90,False
LQKFOV,78,3,0,91,False
HAIGNM,79,1,0,92,False
NPCHHX,80,2,0,93,False
IZHWGX,81,1,0,94,False
NXDYAF,82,3,0,95,False
XKNIDE,83,3,0,96,False
GOZOVG,84,3,0,98,False
FNZSZU,85,2,0,99,False
FLWRYX,86,2,0,100,False
AUWTLL,87,2,0,101,False
NQQFCS,88,3,0,103,False
APTSYS,89,3,0,104,False
BGZGGR,90,3,0,105,False
OJZOQD,91,3,0,106,False
BWHAHR,92,2,0,107,False
UFRSGR,93,3,0,108,False
ZAIWZV,94,2,0,109,False
VKFVIU,95,3,0,110,False
RHYUDN,96,1,0,111,False
KAZBOP,97,1,0,113,False
VELHLD,98,2,0,114,False
BWOELC,99,2,0,115,False
IGTEKV,100,1,0,116,False
EDNXTE,101,2,0,118,False
DKZOPB,102,3,0,119,False
CKGQFA,103,3,0,120,False
HMFIIV,104,1,0,121,False
CWLJHW,104,2,0,122,False
QICDQF,105,3,0,123,False
EGPZDT,106,3,0,124,False
YYUXAS,107,2,0,126,False
PAVXES,108,3,0,127,False
MJHVTQ,109,2,0,128,False
ZQKLMC,110,2,0,129,False
NTNAYJ,111,2,0,130,False
YOHAGL,112,1,0,131,False
GIANOF,113,3,0,132,False
AYFQQE,114,2,0,133,False
RWCWDU,115,3,0,135,False
ZZCRDC,116,1,0,136,False
LEQZCM,117,3,0,138,False
KTTZWR,118,2,0,139,False
QLHANA,119,2,0,140,False
MHJUKT,120,3,0,142,False
ZGZYXO,121,3,0,143,False
FNUATR,1,2,0,0,False
KJCJUK,2,3,0,1,False
VNLCXV,3,1,0,2,False
QDAACG,4,1,0,3,False
RGVYAG,5,3,0,4,False
JTAJNX,6,1,0,5,False
LWDHES,7,2,0,6,False
JXSFWH,8,2,0,7,False
MGYVPH,9,3,0,8,False
RNIBMA,10,2,0,9,False
PUMTAI,11,2,0,10,False
AKCYXB,12,2,0,11,False
TLKTTQ,13,3,0,12,False
HTCGHH,14,3,0,13,False
SZPKAQ,15,2,0,14,False
NJMEKZ,16,2,0,15,False
IVKDAN,17,3,0,16,False
MKXFKW,18,3,0,17,False
LVSCSB,19,1,0,18,False
EKWBVG,20,1,0,19,False
PYTTTH,21,2,0,20,False
KZPEMF,22,1,0,21,False
FBHVLO,23,2,0,22,False
CIJXLO,24,2,0,23,False
XFPWCE,25,2,0,24,False
CEZMUI,26,2,0,25,False
JOFNVS,27,1,0,26,False
DQQOHH,28,1,0,27,False
ROJQJF,29,1,0,28,False
CGJYTH,30,1,0,29,False
YKCWWK,31,3,0,30,False
DHQWAU,32,2,0,31,False
ITBOZX,33,2,0,32,False
GCUUDW,34,1,0,33,False
TUYGLR,35,1,0,34,False
NXNVJB,36,1,0,35,False
XCEFTE,37,2,0,36,False
PJJTEA,38,1,0,37,False
BERIDA,39,1,0,38,False
KITLYI,40,2,0,39,False
WIQWRZ,41,3,0,40,False
LUIJQY,42,3,0,41,False
AUMMWY,43,3,0,42,False
AIUJSJ,44,1,0,43,False
YLNQNA,45,2,0,44,False
JSPLLA,46,3,0,45,False
KJJWZN,47,3,0,46,False
HGCPIK,48,1,0,47,False
BSSIQA,49,3,0,48,False
NSAOFK,50,2,0,49,False
ODWIYF,51,1,0,50,False
JUVXKT,52,3,0,51,False
KKHCSN,53,2,0,52,False
VXDWSD,54,3,0,53,False
VEZCIF,55,2,0,54,False
NKYKMA,56,2,0,55,False
XCPDNK,57,2,0,56,False
MAWTQV,58,3,0,57,False
MSFSFQ,59,2,0,58,False
IWQAKM,60,1,0,59,False
SAOKXT,61,3,0,60,False
ABHGBZ,62,1,0,61,False
KDDDTR,63,1,0,62,False
CUJLBO,64,2,0,63,False
LXZTVE,65,2,0,64,False
EHPLFC,66,1,0,65,False
LMVYDS,67,1,0,66,False
FEKNVI,68,3,0,67,False
HUXPCE,69,2,0,68,False
YXWDWD,70,1,0,69,False
JCBOWJ,71,3,0,70,False
LHVYAC,72,2,0,71,False
EBZLMK,73,2,0,72,False
TITFZH,74,3,0,73,False
BXATIV,75,1,0,74,False
XZEYIX,76,3,0,75,False
CAXGVV,77,1,0,76,False
XOGAYT,78,1,0,77,False
WSPVDC,79,1,0,78,False
GIUZWS,80,2,0,79,False
LQJEAJ,81,3,0,80,False
VDWMSW,82,3,0,81,False
UTRUVV,83,2,0,83,False
WRCQJJ,84,3,0,84,False
GXGDAR,85,3,0,85,False
ILBNRF,86,1,0,86,False
MSCINV,87,1,0,87,False
FRSGMI,88,2,0,88,False
DTOGAF,89,2,0,89,False
YFUJDF,90,3,0,90,False
IPRGAG,91,3,0,91,False
DWCAIY,92,3,0,92,False
WLXPEY,93,2,0,93,False
LDVVXC,94,3,0,94,False
KDZPGD,95,2,0,95,False
OCDEVP,96,3,0,97,False
TLZVCV,97,2,0,98,False
QUXPAY,98,1,0,99,False
IFPEBS,99,3,0,100,False
MZRTMM,100,1,0,101,False
RBNBNW,101,3,0,102,False
XATYJT,102,3,0,103,False
SHZOLU,103,3,0,104,False
WQPTZL,104,2,0,105,False
WKSOOP,105,2,0,106,False
VRUYDR,106,3,0,107,False
XOPACX,107,1,0,108,False
JXIKXU,108,2,0,109,False
NVWRPV,109,2,0,110,False
QAPSFW,110,3,0,111,False
DFVSWT,111,1,0,112,False
TJDRUE,112,1,0,113,False
IDAMSG,113,2,0,114,False
YFEGNM,114,1,0,115,False
QBAKQR,115,2,0,116,False
QSLMKL,116,3,0,117,False
ZDJALS,117,3,0,118,False
GHUAPW,118,2,0,119,False
PSWWGM,119,2,0,121,False
WHSUJN,120,2,0,122,False
LKHRXV,121,3,0,123,False
YPWGWY,122,2,0,124,False
UGPUAR,123,1,0,125,False
BJXTDO,124,3,0,126,False
ICZLBL,125,2,0,127,False
YBTCTZ,126,1,0,128,False
IQRXBS,127,3,0,129,False
LTYEUW,128,3,0,130,False
CANFYS,129,1,0,131,False
GQRDTV,130,2,0,132,False
XIYRLQ,131,1,0,134,False
EATGAL,132,1,0,135,False
IELKCP,133,2,0,136,False
DOSQWE,134,3,0,137,False
ICANPK,135,3,0,138,False
GLKVVE,136,3,0,139,False
VQRMLQ,137,1,0,140,False
KJCJUK,137,1,0,141,False
QDAACG,138,1,0,142,False
LWDHES,139,1,0,143,False
SCDRAI,1,2,0,1,False
DBGTCO,2,3,0,2,False
DRFBUW,3,3,0,3,False
WQNMVP,4,3,0,4,False
LRPDCB,5,2,0,5,False
GOSCAX,6,1,0,6,False
NVSGMZ,7,2,0,7,False
IBIDLP,8,1,0,8,False
OOVCVF,9,3,0,9,False
QBNXWA,10,3,0,10,False
OWPZMA,11,1,0,11,False
NFHRAG,12,2,0,12,False
HTNRPL,13,1,0,13,False
FZYISN,14,2,0,14,False
TXUHZA,15,2,0,15,False
ESRYXT,16,1,0,16,False
TKEQUF,17,2,0,17,False
MGKJWM,18,1,0,18,False
VOXRPQ,19,3,0,19,False
KSWJNU,20,3,0,20,False
GJKXDP,21,1,0,21,False
QESAAE,22,2,0,22,False
GWWQHN,23,2,0,23,False
FQLKNP,24,3,0,24,False
ZROUEQ,25,2,0,25,False
ZAZBBP,26,2,0,26,False
MMLPYV,27,3,0,27,False
RZVACW,28,2,0,28,False
DZMWXE,29,2,0,29,False
XKCJBQ,30,1,0,30,False
IYXHEQ,31,1,0,31,False
CLJEZA,32,3,0,33,False
NXOOEJ,33,1,0,34,False
AAHAPI,34,1,0,35,False
GALYUD,35,2,0,38,False
EMJQJM,36,1,0,39,False
MLGHUF,37,2,0,40,False
IONSHU,38,2,0,41,False
FTBRZM,39,2,0,42,False
HNRGEI,40,1,0,43,False
GJYCWC,41,2,0,44,False
TWLVUK,42,3,0,45,False
DISODI,43,1,0,46,False
KKYOKG,44,2,0,47,False
PRCTMK,45,3,0,48,False
IQACDB,46,2,0,49,False
RRXAJY,47,1,0,50,False
KETXYR,48,2,0,52,False
DYTNFZ,49,3,0,53,False
WGNAJK,50,3,0,54,False
CZHOGN,51,2,0,55,False
PQKSYM,52,2,0,56,False
DRGRLD,53,2,0,57,False
ETORDK,54,1,0,58,False
DKFFDX,55,2,0,60,False
USEFFS,56,3,0,61,False
QAESAP,57,1,0,62,False
QWOFLW,58,3,0,63,False
PUTGWN,59,1,0,64,False
EMJQGA,60,1,0,65,False
MXBBHQ,61,2,0,66,False
ORRUPR,62,3,0,67,False
XWPVTA,63,2,0,68,False
JZNGZD,64,2,0,69,False
BYJEXZ,65,3,0,70,False
EGZJSN,66,1,0,71,False
SDMRBL,67,1,0,72,False
ZOZFFR,68,3,0,73,False
RUHYDY,69,3,0,74,False
HGEFVC,70,1,0,75,False
LDEFIC,71,2,0,76,False
ERLMSZ,72,1,0,77,False
ZIDGCO,73,3,0,78,False
HWAZPV,74,3,0,81,False
WERVVG,75,2,0,82,False
FISPOT,76,2,0,83,False
GRUACJ,77,2,0,84,False
OGRQCV,78,1,0,85,False
JUCFGS,79,1,0,86,False
KXHGGD,80,3,0,87,False
BDWPXF,81,1,0,88,False
UCLGFS,82,2,0,89,False
GWWBBM,83,2,0,90,False
ZOSKSI,84,2,0,91,False
OGOJZR,85,3,0,92,False
MCHDKR,86,2,0,93,False
RPWATM,87,2,0,94,False
BZTLGN,88,3,0,95,False
PLWJRZ,89,3,0,96,False
EDAHUY,90,2,0,97,False
HHZNOL,91,1,0,99,False
OJLQOX,92,3,0,100,False
LPNAQV,93,1,0,101,False
TCLPYA,94,1,0,102,False
NLJTCG,95,3,0,103,False
KNBWMA,96,2,0,104,False
PUPOGY,97,2,0,105,False
MEYWJT,98,2,0,106,False
CHIYSV,99,3,0,108,False
DGXYZL,100,3,0,109,False
IHHZHE,101,1,0,110,False
KYSJJV,102,1,0,111,False
LFGMAG,103,2,0,113,False
ONIWPL,104,3,0,115,False
EZDJGV,105,2,0,116,False
QDQQTD,106,2,0,117,False
IDABBM,107,3,0,118,False
PQAGBV,108,3,0,119,False
BKRJMS,109,3,0,120,False
RXGETS,110,3,0,121,False
HVDTIX,111,2,0,122,False
UOGQDH,112,1,0,123,False
DBGTCO,112,3,0,124,False
DRFBUW,113,2,0,126,False
GOSCAX,114,3,0,127,False
NVSGMZ,115,1,0,128,False
IBIDLP,116,1,0,129,False
OWPZMA,117,3,0,131,False
NFHRAG,118,1,0,132,False
HTNRPL,119,2,0,134,False
FZYISN,120,3,0,135,False
MGKJWM,121,1,0,136,False
KSWJNU,122,1,0,137,False
QESAAE,123,3,0,138,False
ZROUEQ,124,3,0,139,False
MMLPYV,125,2,0,140,False
IYXHEQ,126,1,0,141,False
CLJEZA,127,2,0,143,False
YSFOVY,1,2,0,1,False
WDHPOI,2,3,0,2,False
KPKJHM,3,2,0,3,False
AQOGTT,4,3,0,4,False
QDRAGG,5,1,0,5,False
OOSLEA,6,3,0,6,False
HRWPRV,7,2,0,7,False
FMWXEQ,8,3,0,8,False
KZNUAL,9,3,0,9,False
CXXKTG,10,1,0,11,False
FMAFOO,11,3,0,13,False
SUYGMF,12,3,0,14,False
PONCZT,13,3,0,15,False
LWRAGS,14,1,0,16,False
YBLFJC,15,1,0,17,False
MGKUSD,16,1,0,18,False
ELKOOV,17,1,0,19,False
JIXPNJ,18,1,0,21,False
MJPSXE,19,2,0,22,False
FUDGPO,20,1,0,23,False
YJYVMV,21,1,0,24,False
UKTVEN,22,1,0,25,False
JAYUSZ,23,1,0,26,False
CSYHKA,24,1,0,27,False
KEHTSP,25,2,0,28,False
OKJPRB,26,2,0,29,False
QXSHLC,27,3,0,30,False
WTAQOT,28,1,0,31,False
UUQIWE,29,3,0,32,False
SKWQYK,30,3,0,33,False
RJJTCV,31,3,0,35,False
QCQCQP,32,2,0,36,False
GNNLQS,33,2,0,37,False
HHYQJU,34,3,0,38,False
GSCABL,35,2,0,39,False
PTYOOG,36,2,0,41,False
VQTYAI,37,2,0,43,False
DSGDYU,38,3,0,44,False
RMRCEG,39,3,0,45,False
QLAZKH,40,1,0,46,False
NLGXFO,41,1,0,48,False
QPVPAJ,42,1,0,50,False
QDOTLH,43,2,0,52,False
AWONVD,44,2,0,53,False
ZOAVRG,45,1,0,54,False
ONDEHU,46,3,0,55,False
IFJVMQ,47,3,0,56,False
YCSESZ,48,2,0,57,False
CXIKXZ,49,3,0,58,False
WEKAOG,50,3,0,59,False
QTAKDL,51,3,0,60,False
AKCDLX,52,3,0,62,False
NIIPQH,53,1,0,63,False
HPXXTH,54,2,0,64,False
UJCHEK,55,1,0,65,False
WCFHVZ,56,1,0,67,False
GZDIBY,57,2,0,68,False
BSFQCB,58,2,0,69,False
IHABGS,59,2,0,70,False
UOCZUT,60,2,0,71,False
RLUSYM,61,1,0,72,False
DSPNIQ,62,1,0,75,False
DMADNA,63,3,0,76,False
KKKSHQ,64,1,0,77,False
EJHGWZ,65,2,0,78,False
HFDSDN,66,1,0,81,False
FCFJBB,67,1,0,82,False
ACJAVN,68,3,0,83,False
XZJOLU,69,3,0,84,False
BCHFZK,70,2,0,85,False
JKKKWJ,71,2,0,87,False
TOXYVO,72,2,0,88,False
KRZBOR,73,1,0,90,False
OTJHTL,74,2,0,91,False
LEQYOO,75,3,0,92,False
AOXURA,76,1,0,93,False
WCYQYV,77,3,0,94,False
BYDWCK,78,3,0,95,False
VZSAYH,79,3,0,97,False
OMYEPJ,80,3,0,99,False
YZTIKY,81,3,0,100,False
KQTRYR,82,2,0,102,False
NRLVWJ,83,2,0,103,False
RLZWNM,84,1,0,104,False
VMPUAN,85,3,0,105,False
JUAEWL,86,3,0,106,False
VPCAFW,87,2,0,107,False
STKCCZ,88,1,0,108,False
FTQXKY,89,2,0,109,False
DKQHKA,90,1,0,111,False
CQOUSW,91,1,0,114,False
NUIWDW,92,1,0,115,False
NGZQXQ,93,2,0,117,False
QSJSPB,94,1,0,118,False
SUZVRK,95,3,0,119,False
CNKYCM,96,3,0,120,False
FYOASY,97,1,0,121,False
ZOYPJF,98,1,0,122,False
PIBVER,99,1,0,123,False
KDQRTI,100,3,0,124,False
CGSJLH,101,3,0,125,False
BZUJWR,102,3,0,126,False
TXDFMT,103,2,0,127,False
TQVTDC,104,1,0,128,False
FPTEWM,105,1,0,130,False
PAWANK,106,2,0,131,False
QDRAGG,106,3,0,132,False
SUYGMF,107,2,0,133,False
LWRAGS,108,2,0,134,False
FUDGPO,109,1,0,135,False
YJYVMV,110,3,0,136,False
CSYHKA,111,1,0,137,False
WTAQOT,112,1,0,138,False
SKWQYK,113,2,0,139,False
QCQCQP,114,2,0,140,False
GSCABL,115,1,0,142,False
PTYOOG,116,2,0,143,False
RKSWCL,1,2,0,0,False
PFAOKH,2,2,0,2,False
MQYBSY,3,2,0,3,False
SVAFCS,4,2,0,4,False
XVUBDC,5,3,0,5,False
YNHDJH,6,3,0,6,False
MQWLWX,7,1,0,7,False
OKCFPJ,8,2,0,8,False
ZQUPEJ,9,3,0,9,False
JWXGRW,10,3,0,10,False
FWUVEC,11,1,0,11,False
HTOMMR,12,2,0,13,False
NJAQEC,13,3,0,14,False
FLUFCE,14,2,0,15,False
GEPVFP,15,3,0,16,False
NEMRQD,16,1,0,17,False
NKMVGI,17,3,0,18,False
SHMZMC,18,1,0,19,False
PMWDYB,19,1,0,20,False
ZCSWCN,20,1,0,21,False
NUKXDE,21,3,0,22,False
OUEBHP,22,3,0,23,False
AMAORQ,23,1,0,25,False
NLCIEQ,24,2,0,26,False
QJUPUD,25,1,0,27,False
ELVPDG,26,1,0,29,False
ERVXKO,27,2,0,30,False
FBAJJQ,28,2,0,31,False
QVTNTV,29,1,0,32,False
KOKARM,30,3,0,33,False
MWKQYU,31,1,0,34,False
FRZGWO,32,1,0,35,False
ZGNIRR,33,1,0,36,False
TCXCZF,34,2,0,37,False
WAESIA,35,3,0,38,False
VIECWH,36,2,0,40,False
LYLKXO,37,1,0,41,False
DKKQMW,38,2,0,42,False
XPOHUH,39,2,0,43,False
HBVGZC,40,2,0,44,False
TLWTHH,41,2,0,45,False
UDAAFG,42,1,0,46,False
MZYURP,43,3,0,47,False
MLGGQE,44,1,0,48,False
TWOTSK,45,1,0,49,False
KQERBD,46,3,0,50,False
VUVTFD,47,1,0,53,False
XOPAVR,48,1,0,54,False
PWWCLG,49,1,0,55,False
GQBGLC,50,3,0,56,False
YIKYLZ,51,2,0,57,False
UDCIWO,52,2,0,58,False
JYRPDZ,53,2,0,59,False
ITYSQM,54,3,0,60,False
OOGGDE,55,3,0,61,False
VLIKAK,56,2,0,62,False
HOTOYE,57,2,0,63,False
RZPGTW,58,3,0,64,False
UHZEND,59,2,0,65,False
LFSAFK,60,2,0,66,False
MRFUEI,61,1,0,67,False
AKQQRW,62,3,0,68,False
RJDGBC,63,2,0,69,False
IXDDSK,64,3,0,70,False
PVHEZP,65,2,0,71,False
SAODOC,66,3,0,72,False
BHVRAO,67,2,0,73,False
MCWBKM,68,1,0,74,False
BFKBZS,69,2,0,75,False
DREHNW,70,2,0,77,False
UBUVYE,71,3,0,78,False
CUWSYA,72,2,0,79,False
NNSGXJ,73,3,0,80,False
AFVKEM,74,2,0,81,False
ZLPRAU,75,3,0,83,False
MMELDN,76,2,0,84,False
VQZVUO,77,1,0,85,False
GWNWGA,78,1,0,86,False
NKIERU,79,1,0,87,False
YOKMXP,80,1,0,88,False
CLUKDR,81,1,0,89,False
ZYZLTK,82,1,0,90,False
JZXWDX,83,1,0,91,False
CALVNH,84,1,0,92,False
EBUQLC,85,2,0,93,False
LNBVHU,86,2,0,94,False
OOCFXD,87,3,0,95,False
JIIFGT,88,2,0,96,False
XJKKBO,89,2,0,97,False
ULPXNE,90,1,0,99,False
HPECDR,91,3,0,101,False
MUQSKF,92,1,0,103,False
CZEBEH,93,3,0,104,False
EFQVTL,94,3,0,105,False
NFJAAJ,95,1,0,107,False
LWARUZ,96,2,0,108,False
VOQIJS,97,2,0,109,False
WXOEET,98,3,0,110,False
QLTQWD,99,2,0,111,False
TQTEKW,100,1,0,112,False
CDCOHD,101,1,0,113,False
BNSGAG,102,3,0,114,False
PDZNBN,103,2,0,115,False
EALJDY,104,3,0,116,False
FKAZSM,105,1,0,117,False
OJHTSN,106,3,0,118,False
ZLDRDT,107,3,0,119,False
BNQTFA,108,3,0,120,False
BDDPVG,109,3,0,121,False
VWWJFG,110,1,0,122,False
SQDDLK,111,2,0,123,False
RKSWCL,111,3,0,124,False
PFAOKH,112,2,0,125,False
XVUBDC,113,2,0,126,False
YNHDJH,114,1,0,127,False
MQWLWX,115,2,0,128,False
OKCFPJ,116,2,0,129,False
HTOMMR,117,1,0,130,False
NJAQEC,118,1,0,131,False
NKMVGI,119,3,0,133,False
SHMZMC,120,1,0,134,False
OUEBHP,121,2,0,135,False
NLCIEQ,122,2,0,136,False
ELVPDG,123,1,0,137,False
FBAJJQ,124,1,0,138,False
QVTNTV,125,1,0,139,False
KOKARM,126,1,0,140,False
MWKQYU,127,1,0,141,False
FRZGWO,128,1,0,142,False
ZGNIRR,129,2,0,143,False
XJBRHR,1,1,0,0,False
ONJGVD,2,1,0,1,False
BPRFHH,3,3,0,2,False
FOZXQM,4,3,0,3,False
KFNIUN,5,1,0,4,False
HEMZSJ,6,2,0,5,False
WRDBLX,7,1,0,6,False
XDZXWJ,8,2,0,7,False
WHGMVM,9,1,0,8,False
KVHBYJ,10,3,0,9,False
INGFOL,11,1,0,10,False
ZPOTRC,12,1,0,11,False
OXUTPU,13,3,0,12,False
ZCYQTN,14,1,0,13,False
TQMGZH,15,2,0,14,False
BDWZJM,16,1,0,15,False
FVFYJS,17,1,0,16,False
GKINLJ,18,3,0,17,False
JTHRZJ,19,2,0,19,False
RNEFVI,20,1,0,20,False
JGOUPL,21,1,0,21,False
MPJOML,22,2,0,22,False
PFBMWA,23,3,0,23,False
UTWSIZ,24,1,0,24,False
CPUMXL,25,3,0,25,False
XUFBEN,26,3,0,26,False
PMEKAJ,27,3,0,27,False
JMGLYD,28,3,0,28,False
EXSTJP,29,1,0,29,False
GVFAXR,30,2,0,30,False
AZYEQB,31,2,0,31,False
UIHPBW,32,3,0,32,False
UQGIHI,33,2,0,33,False
HWXJKN,34,3,0,34,False
IFIQIC,35,1,0,35,False
GGOJOS,36,2,0,36,False
VLSERS,37,2,0,37,False
AMDRPL,38,3,0,38,False
UMGXGA,39,2,0,39,False
HFYYWX,40,3,0,40,False
TBFRYL,41,1,0,41,False
LDNGFI,42,1,0,42,False
PEGGTY,43,1,0,43,False
KDPBNI,44,2,0,44,False
LUFPRI,45,1,0,45,False
IJEIPZ,46,3,0,46,False
IYLETS,47,1,0,47,False
YDWXEO,48,1,0,48,False
NOPCYT,49,2,0,49,False
QCBGZW,50,3,0,50,False
ONEJBX,51,1,0,51,False
NOOQPK,52,1,0,52,False
FYIGLL,53,2,0,53,False
TXSMVQ,54,2,0,54,False
CCGBOV,55,2,0,55,False
DPLRAT,56,2,0,56,False
SDBIER,57,2,0,57,False
AQOBDW,58,2,0,58,False
VTZZYO,59,3,0,59,False
FGCVUN,60,2,0,60,False
KNBDXN,61,2,0,61,False
FZQESI,62,1,0,62,False
LABSSI,63,2,0,63,False
JHVADJ,64,3,0,64,False
CQCLNW,65,1,0,65,False
GASESD,66,2,0,66,False
YUBZPI,67,2,0,67,False
AVQYKV,68,1,0,68,False
KRJPQY,69,1,0,69,False
GFRLQD,70,1,0,70,False
ZNXIWH,71,3,0,71,False
XDVVZV,72,1,0,72,False
FTVFKX,73,2,0,73,False
UJDHIA,74,2,0,75,False
RHSBBM,75,3,0,76,False
QYUCPR,76,1,0,77,False
QGWWYB,77,2,0,78,False
XXGYNG,78,2,0,79,False
BULRWF,79,1,0,80,False
NBJSMA,80,3,0,81,False
HRNMRJ,81,3,0,82,False
KECBCK,82,3,0,83,False
OTLXFY,83,2,0,84,False
GQKBPI,84,1,0,85,False
KDUGBJ,85,1,0,86,False
FHDCGF,86,2,0,87,False
HFSXVA,87,1,0,88,False
TNIKQG,88,1,0,89,False
XPLXCG,89,1,0,90,False
XLQNNX,90,2,0,91,False
GYGOPQ,91,1,0,93,False
NPXRTK,92,3,0,94,False
XOYGVL,93,3,0,96,False
HBYQQB,94,3,0,97,False
QNQJEY,95,1,0,98,False
GWIBLR,96,1,0,99,False
TXGCRO,97,3,0,100,False
YRFVVD,98,2,0,101,False
AIHEFA,99,1,0,102,False
XPGZEU,100,3,0,103,False
CKXXFF,101,2,0,104,False
BXOUOL,102,1,0,105,False
HGGWSE,103,1,0,106,False
ZERFNE,104,2,0,107,False
JJXMIC,105,1,0,108,False
JFCCHQ,106,1,0,109,False
BPNZKB,107,2,0,110,False
DKZNIZ,108,3,0,111,False
VLTZZS,109,2,0,112,False
FZFNDS,110,2,0,113,False
GEJJHG,111,1,0,114,False
NBPYVY,112,3,0,115,False
RRXYMF,113,2,0,116,False
BNJVRC,114,1,0,117,False
RJIYIS,115,3,0,118,False
SETQAS,116,3,0,119,False
KBZVSY,117,3,0,120,False
XFKFJP,118,2,0,121,False
RZUIGO,119,2,0,122,False
QESXMF,120,3,0,123,False
RQTVCR,121,1,0,124,False
YBNDEQ,122,2,0,125,False
WBYPND,123,3,0,126,False
FBMQIP,124,2,0,127,False
TCFLFC,125,3,0,128,False
ETUFIL,126,3,0,129,False
SKRDIY,127,2,0,130,False
ONJGVD,127,2,0,131,False
BPRFHH,128,1,0,132,False
FOZXQM,129,1,0,133,False
KFNIUN,130,2,0,134,False
WHGMVM,131,3,0,135,False
KVHBYJ,132,2,0,136,False
ZPOTRC,133,1,0,138,False
OXUTPU,134,3,0,139,False
ZCYQTN,135,2,0,140,False
TQMGZH,136,2,0,141,False
BDWZJM,137,2,0,142,False
FVFYJS,138,3,0,143,False
XQHMJQ,1,2,0,1,False
EGEOVJ,2,2,0,2,False
QWIODR,3,1,0,4,False
KJLPHM,4,3,0,5,False
PJSIOV,5,1,0,6,False
WZYGXZ,6,2,0,8,False
DMGJMK,7,3,0,9,False
YPSFIM,8,1,0,10,False
VSPTOU,9,1,0,11,False
HKNGXI,10,3,0,14,False
PBHDMT,11,1,0,15,False
TTLSZH,12,2,0,16,False
XMKRBS,13,1,0,17,False
WPNXSP,14,3,0,18,False
QYIYWC,15,3,0,19,False
LKAYDB,16,2,0,20,False
KCBSLF,17,1,0,22,False
LRLEZF,18,1,0,23,False
OTTHMU,19,3,0,24,False
PWIAJX,20,3,0,25,False
INJGNX,21,1,0,26,False
QDRHJU,22,3,0,27,False
PQCUYH,23,3,0,28,False
OMPLNN,24,3,0,29,False
ZOFBUD,25,2,0,30,False
DZIVXJ,26,1,0,31,False
YUGSIQ,27,3,0,33,False
XDDIGC,28,2,0,34,False
XRKTFW,29,3,0,35,False
UANVPD,30,3,0,36,False
ZWGINR,31,2,0,39,False
YLWVEF,32,3,0,40,False
KQFNDG,33,2,0,41,False
DXPKRF,34,2,0,42,False
ZOMPEX,35,1,0,43,False
JAJZJX,36,2,0,44,False
HYROGP,37,3,0,45,False
PPSHEJ,38,2,0,46,False
QMQEMS,39,3,0,47,False
ONTGUU,40,3,0,48,False
RWXAKG,41,2,0,49,False
LPJGFU,42,3,0,50,False
PHXLRM,43,2,0,51,False
VLFDZF,44,1,0,52,False
AZXQCJ,45,3,0,53,False
RBCEMW,46,1,0,56,False
LNCVQB,47,1,0,57,False
NWAMPR,48,2,0,58,False
AZZTMD,49,2,0,59,False
DMSFPQ,50,1,0,60,False
OUFLCY,51,3,0,61,False
AFNUMK,52,2,0,62,False
IVUMCF,53,2,0,65,False
WJDREP,54,3,0,66,False
AVBLQB,55,1,0,67,False
AIJTFL,56,3,0,68,False
HKVICR,57,3,0,69,False
UEMRUS,58,2,0,70,False
DRZDTX,59,1,0,72,False
FFEBVA,60,3,0,73,False
QBLCUX,61,3,0,74,False
ZEWOLW,62,2,0,76,False
TTCAHE,63,1,0,77,False
UNWMEG,64,1,0,78,False
BJBMPF,65,1,0,79,False
KLEXMC,66,2,0,80,False
CYATBP,67,3,0,81,False
MJOUPB,68,2,0,82,False
QWVXTG,69,3,0,83,False
ZTSNTT,70,2,0,84,False
WHCYCB,71,2,0,85,False
OIDZMK,72,2,0,86,False
NAOPRB,73,2,0,87,False
TBUPWO,74,1,0,88,False
RUEOEF,75,2,0,89,False
QSUONR,76,2,0,90,False
TRNLXW,77,2,0,91,False
MAQFEQ,78,2,0,92,False
GIMJQS,79,3,0,93,False
BHWLMV,80,1,0,94,False
KHZOMV,81,1,0,95,False
DTAUYO,82,2,0,96,False
PZYEZO,83,3,0,97,False
EGEOVJ,83,1,0,98,False
QWIODR,84,3,0,100,False
KJLPHM,85,2,0,101,False
WZYGXZ,86,1,0,102,False
DMGJMK,87,3,0,103,False
VSPTOU,88,2,0,104,False
HKNGXI,89,2,0,106,False
PBHDMT,90,2,0,107,False
XMKRBS,91,2,0,108,False
WPNXSP,92,1,0,109,False
QYIYWC,93,2,0,110,False
KCBSLF,94,1,0,111,False
OTTHMU,95,2,0,112,False
PWIAJX,96,2,0,113,False
INJGNX,97,3,0,115,False
PQCUYH,98,1,0,116,False
OMPLNN,99,1,0,117,False
DZIVXJ,100,1,0,118,False
YUGSIQ,101,1,0,120,False
XDDIGC,102,3,0,122,False
UANVPD,103,1,0,123,False
YLWVEF,104,3,0,124,False
DXPKRF,105,3,0,125,False
ZOMPEX,106,3,0,126,False
JAJZJX,107,3,0,127,False
HYROGP,108,2,0,128,False
QMQEMS,109,2,0,129,False
RWXAKG,110,1,0,130,False
LPJGFU,111,1,0,131,False
PHXLRM,112,1,0,132,False
VLFDZF,113,2,0,133,False
AZXQCJ,114,1,0,134,False
NWAMPR,115,1,0,135,False
DMSFPQ,116,3,0,136,False
OUFLCY,117,1,0,137,False
AFNUMK,118,2,0,138,False
AVBLQB,119,3,0,139,False
AIJTFL,120,1,0,140,False
HKVICR,121,1,0,141,False
UEMRUS,122,2,0,142,False
QBLCUX,123,1,0,143,False
YBCXST,1,2,0,0,False
RMMCGU,2,1,0,1,False
JLWXIO,3,1,0,2,False
GCVKEF,4,3,0,3,False
VXINGS,5,1,0,4,False
RBWKEA,6,1,0,5,False
VLIFMV,7,2,0,6,False
GPZLQK,8,1,0,7,False
ETMTQA,9,3,0,8,False
ECGQWG,10,2,0,9,False
QHBSFL,11,3,0,10,False
KNUAEY,12,1,0,11,False
KRAUDE,13,3,0,12,False
OPVMSU,14,3,0,13,False
MXYFPN,15,2,0,14,False
JJMHUV,16,2,0,17,False
IYVYQV,17,1,0,18,False
SYHOGP,18,1,0,19,False
QVZDBZ,19,1,0,21,False
TBAUZY,20,2,0,22,False
AAJVSD,21,1,0,23,False
THVBVC,22,2,0,24,False
GATTAX,23,2,0,25,False
HPTLKF,24,3,0,26,False
YJTSFZ,25,3,0,27,False
DXAMIY,26,3,0,28,False
ALPWND,27,2,0,29,False
NFYRDO,28,1,0,30,False
GRTWJP,29,3,0,31,False
UEXFLP,30,3,0,32,False
NTYBOT,31,3,0,33,False
FDFWBX,32,2,0,34,False
CZSZRW,33,3,0,35,False
ZOLMRY,34,1,0,36,False
OHNDQB,35,3,0,37,False
CSIYOZ,36,2,0,38,False
UVBOKC,37,1,0,39,False
ORZYCY,38,2,0,40,False
JHZVOW,39,1,0,41,False
RPSBUU,40,1,0,42,False
XDEWLM,41,1,0,43,False
JMXBRE,42,3,0,44,False
CKLUAZ,43,1,0,45,False
CTCNAJ,44,1,0,46,False
VPMKWR,45,3,0,47,False
ZCDCFU,46,1,0,48,False
YWNIPB,47,2,0,49,False
XXMNJQ,48,1,0,50,False
TXMNTR,49,3,0,51,False
QUTQBL,50,1,0,52,False
MEUBBP,51,3,0,53,False
LDMOKU,52,3,0,54,False
GSUECD,53,2,0,55,False
OTRYFE,54,2,0,56,False
FUVUJF,55,2,0,57,False
YPBKCF,56,3,0,58,False
EGNXLL,57,3,0,59,False
URWZCX,58,2,0,60,False
BNWGEU,59,3,0,61,False
LUBQCI,60,2,0,62,False
KLABVL,61,3,0,63,False
AADCOU,62,2,0,65,False
STZCMK,63,1,0,66,False
DKIBKY,64,3,0,67,False
JDBDNB,65,3,0,68,False
EYQKJB,66,1,0,69,False
BJWPSQ,67,1,0,70,False
DYJWRV,68,3,0,71,False
SDBXHH,69,3,0,72,False
DAJVGD,70,3,0,73,False
IJEHQH,71,1,0,74,False
MCQOTL,72,2,0,75,False
BMBHXG,73,1,0,76,False
RBAQMT,74,3,0,77,False
OTQMSZ,75,2,0,78,False
KIGIGN,76,1,0,79,False
JSDVAR,77,1,0,80,False
XCLVFC,78,1,0,81,False
EUBPTC,79,1,0,82,False
RCJEFT,80,3,0,83,False
XWHSYL,81,1,0,84,False
VIXYJB,82,1,0,85,False
NCGSOM,83,1,0,86,False
JRUVNS,84,3,0,87,False
AVWSPP,85,1,0,88,False
VLGBJM,86,1,0,89,False
RFEGEJ,87,1,0,90,False
GBUPRG,88,2,0,91,False
NOJGNH,89,2,0,92,False
INGHTK,90,3,0,93,False
RHPPIC,91,3,0,94,False
SZZDMU,92,3,0,95,False
FYWGDR,93,3,0,96,False
RISTRC,94,2,0,97,False
ZYMNDX,95,2,0,98,False
QXVICG,96,2,0,99,False
JOSNKJ,97,2,0,100,False
RVWHVO,98,2,0,101,False
LKVXSW,99,2,0,102,False
KLQOSE,100,2,0,103,False
QOBBSS,101,1,0,105,False
NTYACU,102,2,0,106,False
YQEEHX,103,1,0,107,False
ISWGSC,104,3,0,108,False
AGIXQS,105,3,0,109,False
SXXBNS,106,2,0,110,False
CMEUSC,107,2,0,111,False
HMOCUY,108,2,0,112,False
SVVAST,109,1,0,113,False
NHIAIG,110,2,0,114,False
HRREHC,111,3,0,115,False
AZVQLX,112,2,0,116,False
IRPZOJ,113,2,0,117,False
CGGREQ,114,3,0,118,False
GTOMJL,115,1,0,119,False
IXXSSY,116,2,0,120,False
FTRYFX,117,1,0,121,False
BWYWEG,118,2,0,122,False
VKGXAY,119,3,0,123,False
GNOQJD,120,3,0,124,False
FOGSKG,121,3,0,125,False
NDVOFY,122,3,0,126,False
JETEJC,123,2,0,127,False
CKPETL,124,3,0,128,False
EONUDP,125,1,0,129,False
IFZSIB,126,2,0,130,False
AYOXVI,127,2,0,131,False
YBCXST,127,2,0,132,False
RMMCGU,128,2,0,133,False
VXINGS,129,3,0,134,False
VLIFMV,130,2,0,135,False
ECGQWG,131,2,0,136,False
QHBSFL,132,3,0,137,False
KNUAEY,133,1,0,139,False
KRAUDE,134,1,0,140,False
OPVMSU,135,3,0,141,False
MXYFPN,136,1,0,142,False
JJMHUV,137,3,0,143,False
LXIROK,1,1,0,0,False
RQPSVH,2,1,0,1,False
TPIJBS,3,2,0,3,False
LSACJR,4,2,0,4,False
ENKLSU,5,3,0,5,False
NEFPGM,6,1,0,6,False
TJCRRP,7,1,0,8,False
DXDGBF,8,1,0,9,False
POMHGT,9,3,0,10,False
XFDABX,10,3,0,11,False
BHFMCO,11,2,0,12,False
BTSGGL,12,3,0,13,False
MUWVVY,13,1,0,14,False
DOJSPZ,14,2,0,17,False
GATDEB,15,2,0,18,False
SCUUKP,16,3,0,21,False
UQIRRW,17,3,0,22,False
JDNNBS,18,1,0,23,False
DCDSDZ,19,1,0,24,False
VOJDEQ,20,1,0,25,False
EKYVNF,21,2,0,26,False
JWIKQN,22,2,0,27,False
DZXYCY,23,3,0,29,False
BNNFKR,24,3,0,30,False
PGKYAE,25,3,0,31,False
YSAWNH,26,2,0,32,False
XSDLNM,27,1,0,33,False
WGZBSI,28,2,0,34,False
WKYLYG,29,3,0,35,False
OAJPTA,30,2,0,36,False
WZCZUB,31,2,0,37,False
LVCTNF,32,1,0,39,False
LTDSYY,33,3,0,41,False
SIUGMY,34,2,0,42,False
PKZZLC,35,2,0,43,False
UAAWCA,36,3,0,44,False
NMUFMC,37,1,0,45,False
PUKPCZ,38,1,0,46,False
OGFTYR,39,3,0,48,False
NIEYNL,40,2,0,49,False
BRYOSP,41,2,0,51,False
VREUMU,42,1,0,52,False
LFEZQT,43,1,0,53,False
BJHMJN,44,2,0,54,False
SKMYIG,45,3,0,55,False
MLHFZB,46,2,0,56,False
MOLJTT,47,1,0,57,False
UVQOAW,48,3,0,58,False
AYWAGL,49,2,0,59,False
KXSYEB,50,2,0,60,False
BPBAHC,51,2,0,62,False
NGUVHL,52,1,0,63,False
YYPNKQ,53,2,0,64,False
XGYIWG,54,2,0,65,False
RKZVDC,55,1,0,66,False
UWTWDL,56,2,0,67,False
GMLIYX,57,2,0,68,False
KXOSWQ,58,3,0,69,False
OHKTOA,59,2,0,70,False
YQDEJC,60,1,0,71,False
IGVSYO,61,1,0,72,False
QYWEEV,62,3,0,73,False
ZIYJIN,63,1,0,74,False
TIXHSH,64,2,0,75,False
TAUPLK,65,2,0,76,False
JGXHUY,66,2,0,77,False
IVICNB,67,1,0,78,False
MGWDOO,68,2,0,79,False
GZEHJL,69,1,0,80,False
EUNUHP,70,2,0,81,False
XLUDDB,71,2,0,82,False
XRRQTL,72,2,0,83,False
ORCJIP,73,2,0,85,False
IPTIUD,74,3,0,88,False
MREDRO,75,3,0,89,False
BONPFZ,76,1,0,90,False
RMXZFH,77,2,0,91,False
VLJAXY,78,1,0,92,False
BXVVIZ,79,1,0,93,False
VPWGGS,80,2,0,94,False
EZIBAC,81,2,0,95,False
VSHLSE,82,1,0,96,False
ODXPRK,83,3,0,98,False
FIZBZT,84,2,0,100,False
GGBCRL,85,3,0,101,False
BOCSSF,86,1,0,102,False
FSGTHC,87,2,0,103,False
GIZYHG,88,2,0,104,False
TTOZOK,89,2,0,105,False
NIZRMF,90,1,0,106,False
GJICJR,91,2,0,107,False
VKAAVA,92,2,0,108,False
THTLTN,93,3,0,109,False
ILWDUE,94,2,0,110,False
YWDUVL,95,2,0,113,False
EOWYTI,96,3,0,115,False
PDZZJV,97,1,0,116,False
KRBGDA,98,3,0,117,False
RQPSVH,98,1,0,118,False
TPIJBS,99,3,0,120,False
NEFPGM,100,3,0,121,False
DXDGBF,101,3,0,122,False
POMHGT,102,1,0,123,False
XFDABX,103,1,0,124,False
GATDEB,104,2,0,125,False
JDNNBS,105,1,0,126,False
DCDSDZ,106,1,0,127,False
JWIKQN,107,1,0,128,False
PGKYAE,108,3,0,129,False
YSAWNH,109,1,0,130,False
XSDLNM,110,3,0,131,False
WGZBSI,111,3,0,132,False
WKYLYG,112,3,0,133,False
WZCZUB,113,1,0,134,False
LVCTNF,114,3,0,135,False
PKZZLC,115,3,0,136,False
UAAWCA,116,2,0,137,False
PUKPCZ,117,2,0,138,False
OGFTYR,118,3,0,139,False
VREUMU,119,3,0,140,False
LFEZQT,120,2,0,141,False
SKMYIG,121,3,0,142,False
MLHFZB,122,3,0,143,False
BZJFTW,1,3,0,0,False
WLSRQO,2,3,0,2,False
TDJUJT,3,2,0,3,False
GRGUVZ,4,2,0,4,False
OYCTEK,5,1,0,5,False
FHSJGO,6,1,0,6,False
WTDYSF,7,3,0,7,False
SJMAEJ,8,2,0,8,False
IEQTVC,9,1,0,9,False
DJNTKG,10,1,0,10,False
JRGUCR,11,1,0,11,False
VFPLDS,12,1,0,12,False
EVVWFN,13,3,0,13,False
BVNLTF,14,3,0,14,False
MNHAMX,15,1,0,15,False
NMPRPO,16,3,0,16,False
FJHVKY,17,1,0,17,False
UQSCSZ,18,3,0,18,False
MVSXOJ,19,2,0,19,False
GXPSFK,20,3,0,20,False
KHLKYT,21,3,0,21,False
WJKCRJ,22,2,0,22,False
UIDSLJ,23,1,0,23,False
LHBSFS,24,3,0,24,False
LMYEBU,25,2,0,25,False
RGYGDN,26,1,0,26,False
VWNRNQ,27,2,0,27,False
WERTFN,28,2,0,28,False
XBZUTZ,29,2,0,29,False
COKDEG,30,2,0,30,False
BXCTCV,31,1,0,31,False
EFHFBS,32,2,0,32,False
ZPQHHV,33,3,0,34,False
NDWEZV,34,1,0,35,False
TTFFUQ,35,3,0,36,False
RZXDVS,36,3,0,37,False
DQSVVX,37,3,0,38,False
HWVECT,38,3,0,39,False
TAOKRP,39,2,0,40,False
SWBGYT,40,1,0,41,False
CISSEU,41,2,0,42,False
BZKGTK,42,3,0,43,False
PJKORP,43,3,0,44,False
WTFTBO,44,3,0,45,False
DXCTQH,45,2,0,47,False
KXDVOA,46,2,0,48,False
UJGVJS,47,1,0,49,False
MJGEHJ,48,2,0,50,False
ZPGYME,49,1,0,51,False
OUAAKE,50,1,0,52,False
LIPNQB,51,1,0,53,False
CUXKGX,52,1,0,54,False
VDAQBA,53,3,0,56,False
XPFBDF,54,1,0,57,False
IRPOKM,55,3,0,58,False
XLTRGB,56,2,0,59,False
UYJNJS,57,3,0,60,False
AQCPJP,58,2,0,61,False
NABEZT,59,1,0,62,False
PNYBGL,60,3,0,63,False
DGYGYM,61,3,0,64,False
SJFTSG,62,2,0,66,False
NDGUQY,63,3,0,67,False
ZLAEVK,64,2,0,68,False
UHFONZ,65,3,0,69,False
XGSDHN,66,3,0,70,False
PLTRBL,67,1,0,72,False
JNTGLG,68,3,0,73,False
BXBUED,69,1,0,74,False
OJEMWT,70,1,0,75,False
CQQKYF,71,3,0,76,False
QIGFNT,72,1,0,77,False
TLYGGY,73,1,0,78,False
MTLEUE,74,1,0,79,False
WKQOGE,75,1,0,80,False
BDVSKY,76,1,0,81,False
ZVTBFI,77,2,0,82,False
RJRNPJ,78,2,0,83,False
BFSNUZ,79,2,0,84,False
TJOXSI,80,1,0,85,False
PSLAZJ,81,1,0,86,False
BHABKV,82,3,0,87,False
QKFJYX,83,1,0,88,False
CBTIOK,84,2,0,89,False
JBOEUT,85,2,0,90,False
SYYYBL,86,1,0,91,False
CXADFG,87,2,0,92,False
UWEUJE,88,2,0,93,False
XHAEUX,89,2,0,94,False
ODGCSD,90,2,0,95,False
PVIERO,91,1,0,96,False
WVJUSW,92,1,0,97,False
MQNOIP,93,3,0,99,False
XIJXQS,94,3,0,100,False
ILWOFV,95,2,0,101,False
CTHOQC,96,1,0,103,False
GRYAIZ,97,3,0,104,False
JTEYAT,98,2,0,105,False
UHUTUD,99,3,0,106,False
ZMEEPI,100,2,0,107,False
OHERSD,101,1,0,109,False
DQHDDA,102,1,0,110,False
EHZYIU,103,2,0,111,False
EBVBVZ,104,3,0,113,False
FZEERN,105,2,0,114,False
OUDWIW,106,3,0,116,False
BETRFN,107,3,0,117,False
BFJALK,108,3,0,118,False
UZJCBP,109,3,0,119,False
ZIOKFD,110,3,0,120,False
QLTEGH,111,3,0,121,False
WJLOZX,112,2,0,122,False
SGEQUE,113,1,0,123,False
MMGVMZ,114,1,0,124,False
SQGQNQ,115,2,0,125,False
WLSRQO,115,2,0,126,False
OYCTEK,116,3,0,127,False
FHSJGO,117,3,0,128,False
WTDYSF,118,2,0,131,False
SJMAEJ,119,2,0,132,False
DJNTKG,120,1,0,133,False
JRGUCR,121,2,0,134,False
MNHAMX,122,1,0,135,False
NMPRPO,123,2,0,136,False
FJHVKY,124,3,0,137,False
WJKCRJ,125,3,0,139,False
UIDSLJ,126,3,0,140,False
LMYEBU,127,2,0,141,False
RGYGDN,128,3,0,142,False
VWNRNQ,129,1,0,143,False
VUTYZY,1,2,0,0,False
EXGAHD,2,2,0,1,False
IFFPHF,3,1,0,2,False
VDAEQC,4,3,0,3,False
NFLOGV,5,2,0,4,False
NKIMXV,6,3,0,5,False
ECMQVX,7,3,0,6,False
FPPGQO,8,1,0,7,False
SJPWKT,9,1,0,9,False
YQAELX,10,2,0,10,False
WNMFJS,11,2,0,11,False
PYIXVV,12,1,0,12,False
XDIEUX,13,2,0,13,False
MMCOVQ,14,2,0,14,False
NHQHGM,15,2,0,15,False
JWJRKD,16,3,0,16,False
PXRIAU,17,3,0,17,False
UOHXKF,18,3,0,18,False
YWDUFT,19,1,0,19,False
EWXLAX,20,2,0,20,False
QVVRHP,21,1,0,21,False
FEEWIL,22,2,0,22,False
PXISBL,23,1,0,23,False
NBFWRL,24,3,0,24,False
JQZUBM,25,1,0,25,False
TNLRZJ,26,1,0,26,False
SRPGND,27,2,0,28,False
RTGIUI,28,1,0,29,False
RNGMRK,29,1,0,30,False
MHREWE,30,2,0,31,False
WJZSDH,31,3,0,32,False
TZAHCE,32,3,0,33,False
XMWWIP,33,2,0,34,False
GMZJSD,34,1,0,35,False
AUIEWS,35,1,0,36,False
UOLNGL,36,3,0,37,False
TJTXZD,37,2,0,38,False
SYODIP,38,3,0,39,False
ECMENB,39,3,0,40,False
TSQUAW,40,3,0,41,False
SJPAMQ,41,3,0,42,False
RMDGXU,42,1,0,43,False
ENATPU,43,3,0,44,False
ZEXPLE,44,3,0,45,False
KCLFDS,45,2,0,46,False
FAEIQG,46,3,0,47,False
XXUKWB,47,3,0,48,False
BIACLN,48,1,0,49,False
EWRRDF,49,3,0,50,False
ZJEABS,50,1,0,51,False
ZHOTER,51,2,0,52,False
QNQHON,52,2,0,53,False
HKWPLU,53,2,0,54,False
HPDTRH,54,2,0,55,False
XUPQQF,55,2,0,56,False
JLJPWA,56,3,0,57,False
IVRXKG,57,1,0,58,False
NZTHVI,58,1,0,59,False
EIUYUD,59,3,0,60,False
MNULNA,60,2,0,61,False
NOMUPG,61,1,0,62,False
GDZXGD,62,2,0,63,False
HXDIES,63,1,0,64,False
YXSGTD,64,2,0,65,False
UBVANE,65,2,0,66,False
WJFMNC,66,2,0,67,False
LGFQST,67,3,0,68,False
JMDJGI,68,1,0,69,False
EMNYEM,69,1,0,70,False
LOZHFP,70,2,0,72,False
JIJIQO,71,1,0,73,False
QUWTXT,72,1,0,75,False
JHPHCS,73,3,0,76,False
XZHOKL,74,2,0,77,False
FHCYTV,75,2,0,78,False
RDMZPJ,76,1,0,79,False
TLXSXF,77,3,0,80,False
IOFRVV,78,1,0,81,False
VUOFSH,79,2,0,82,False
XKPAQU,80,2,0,83,False
PLKVHW,81,1,0,84,False
KEITGE,82,2,0,85,False
FSJFWR,83,2,0,86,False
KYVAVG,84,3,0,87,False
FUWZXB,85,1,0,88,False
ZRCYUI,86,2,0,89,False
EJYGVZ,87,2,0,91,False
JSNRWX,88,3,0,92,False
BNDHHN,89,3,0,93,False
KDTDEG,90,1,0,94,False
FONFBT,91,3,0,95,False
YFTFJJ,92,1,0,96,False
GLOTTA,93,1,0,97,False
KKMHFP,94,2,0,98,False
YZXOPE,95,3,0,99,False
EBJSLB,96,1,0,100,False
DKTMYQ,97,3,0,101,False
YLBBBG,98,1,0,102,False
XXVCDN,99,1,0,103,False
HOZHVF,100,3,0,104,False
NPSHDB,101,1,0,105,False
GGLPVH,102,2,0,106,False
PRGSMP,103,3,0,107,False
LDLYDD,104,2,0,108,False
JWPGQS,105,3,0,109,False
BILOMM,106,1,0,110,False
ZBVPRI,107,2,0,111,False
CGJPGX,108,3,0,112,False
UCUIDZ,109,3,0,113,False
YMXFFK,110,1,0,114,False
IVFMEJ,111,1,0,115,False
SCGTUY,112,3,0,116,False
KZZQHP,113,3,0,117,False
ATYMJX,114,2,0,119,False
QXDELS,115,1,0,120,False
VEYPOQ,116,2,0,121,False
THJGPA,117,1,0,122,False
PUCWNA,118,1,0,123,False
LXPVBP,119,2,0,124,False
OFNQYK,120,1,0,125,False
KUBUWR,121,1,0,126,False
UJLNBL,122,3,0,127,False
BTUPEK,123,2,0,128,False
NEOJEU,124,3,0,129,False
ZUFQJK,125,3,0,130,False
DYKRMU,126,1,0,131,False
DECOJH,127,1,0,132,False
SSWOCS,128,2,0,133,False
SVEOAV,129,2,0,134,False
TBNUMJ,130,2,0,135,False
HOMBWG,131,2,0,136,False
EXGAHD,131,3,0,137,False
IFFPHF,132,3,0,138,False
NKIMXV,133,3,0,139,False
SJPWKT,134,2,0,140,False
YQAELX,135,3,0,141,False
WNMFJS,136,2,0,142,False
PYIXVV,137,1,0,143,False
DLEDYW,1,2,0,2,False
HBIMCQ,2,1,0,3,False
DQQHSH,3,3,0,4,False
CASURD,4,1,0,5,False
OIVPZE,5,1,0,7,False
NJRVXC,6,3,0,8,False
TXAHKC,7,3,0,9,False
XHFYQD,8,3,0,10,False
SLBYHO,9,1,0,12,False
VYIFUQ,10,1,0,14,False
HLNWXL,11,2,0,15,False
VWZRHR,12,2,0,16,False
UDIFGK,13,3,0,17,False
FHBAMJ,14,2,0,18,False
GBODHI,15,3,0,19,False
YMJVOR,16,1,0,20,False
MICRZL,17,1,0,21,False
VPTNGD,18,2,0,22,False
DPTABP,19,3,0,23,False
GLLFPE,20,2,0,24,False
GJGUFF,21,1,0,25,False
CNCAJR,22,3,0,27,False
PPSBEC,23,1,0,28,False
LBBIHF,24,2,0,29,False
XHLOWM,25,3,0,32,False
UIMWNI,26,3,0,33,False
FEAVZI,27,3,0,34,False
YTYDJM,28,1,0,35,False
QZDPIU,29,2,0,36,False
ADSOUF,30,2,0,37,False
CFYPLQ,31,1,0,38,False
TVACWF,32,1,0,39,False
KSESOS,33,2,0,40,False
OVIWIL,34,3,0,41,False
ILVEBQ,35,3,0,42,False
WTLSKN,36,3,0,43,False
QYCTWF,37,3,0,44,False
HSFYZD,38,3,0,46,False
ARWOUA,39,3,0,47,False
ZSMZXM,40,3,0,48,False
ORVCIN,41,1,0,49,False
GLELQB,42,1,0,51,False
POFHWK,43,2,0,52,False
IQMEIQ,44,3,0,53,False
FSSEJN,45,1,0,54,False
YSONCH,46,2,0,56,False
MVZTDY,47,3,0,57,False
MIYFCP,48,3,0,58,False
PSQDKA,49,3,0,59,False
YNMGAE,50,1,0,60,False
YFOLHV,51,2,0,61,False
PAFPYG,52,3,0,62,False
IHNJQI,53,2,0,63,False
TYVKMR,54,2,0,64,False
ZHEYBW,55,1,0,65,False
UTVRTS,56,3,0,66,False
KGJZDC,57,1,0,67,False
KKJNQQ,58,1,0,68,False
XNBVZF,59,2,0,70,False
MVDHRJ,60,1,0,71,False
AALNDJ,61,1,0,72,False
NZVSGE,62,3,0,73,False
ACVYNX,63,1,0,74,False
KDCXSX,64,2,0,75,False
KOEDON,65,1,0,76,False
HLGIHU,66,1,0,77,False
EZPNYN,67,1,0,78,False
YETXDO,68,3,0,79,False
QRZJQH,69,2,0,80,False
DCWYCI,70,1,0,81,False
AIARYA,71,1,0,82,False
YLRIFV,72,1,0,83,False
NTQNRQ,73,3,0,84,False
XRBPJR,74,1,0,85,False
LOJQMF,75,2,0,86,False
SSVYUS,76,1,0,87,False
FUQHSV,77,1,0,88,False
AUALBA,78,1,0,89,False
YDDSDG,79,1,0,90,False
SKQPAT,80,1,0,91,False
BIGSPY,81,1,0,92,False
LRVECH,82,1,0,93,False
BVCOEB,83,2,0,94,False
LHKWND,84,2,0,95,False
VSYRSY,85,1,0,96,False
FANOSY,86,2,0,97,False
DJHHKL,87,3,0,98,False
KODWHP,88,1,0,99,False
HJYLMC,89,3,0,100,False
GNTCNM,90,1,0,101,False
EIVIMA,91,2,0,103,False
YKNTKD,92,3,0,104,False
CZXRFM,93,1,0,105,False
GRMVIF,94,2,0,106,False
RNUAYR,95,2,0,107,False
TNUYHX,96,2,0,109,False
ZECBIS,97,1,0,110,False
XGXYJB,98,1,0,111,False
QXBOZQ,99,3,0,112,False
RCFKHH,100,1,0,115,False
MOTOJI,101,2,0,116,False
GMZJFZ,102,1,0,117,False
OLSKRW,103,1,0,118,False
FLNTNF,104,2,0,119,False
QZFEHT,105,1,0,120,False
SQRSHN,106,1,0,121,False
VCIPME,107,1,0,122,False
EKGIMF,108,2,0,123,False
DLEDYW,108,1,0,124,False
OIVPZE,109,1,0,125,False
NJRVXC,110,2,0,126,False
VYIFUQ,111,3,0,127,False
VWZRHR,112,3,0,128,False
UDIFGK,113,3,0,129,False
FHBAMJ,114,2,0,130,False
GBODHI,115,1,0,132,False
YMJVOR,116,2,0,133,False
MICRZL,117,2,0,134,False
GJGUFF,118,3,0,135,False
CNCAJR,119,2,0,136,False
XHLOWM,120,2,0,137,False
YTYDJM,121,2,0,138,False
ADSOUF,122,2,0,139,False
CFYPLQ,123,3,0,140,False
KSESOS,124,3,0,141,False
WTLSKN,125,3,0,142,False
AJCPMS,1,3,0,0,False
HUZXGL,2,3,0,1,False
DHCBHQ,3,2,0,2,False
FBAKSY,4,2,0,3,False
XYFTEA,5,3,0,4,False
DIQDHZ,6,3,0,5,False
HEJXGQ,7,1,0,6,False
EZMSGR,8,1,0,7,False
IQEQFI,9,2,0,8,False
IFYUFO,10,2,0,9,False
XJLDBD,11,3,0,10,False
WXTPBY,12,2,0,11,False
NFFFVM,13,3,0,12,False
JQPAWA,14,1,0,13,False
CZZWIJ,15,1,0,14,False
SPVEUX,16,3,0,15,False
UTHMTL,17,1,0,16,False
OGNFFX,18,2,0,17,False
ZWYGOZ,19,1,0,18,False
YZACQO,20,3,0,19,False
KWJHKW,21,3,0,20,False
LKNLQO,22,1,0,21,False
BJNYOJ,23,3,0,22,False
CRTLHY,24,3,0,23,False
ZWRWBN,25,1,0,24,False
YRRPVZ,26,1,0,25,False
NQAWOO,27,1,0,26,False
PBWJPZ,28,2,0,27,False
PFJJWJ,29,1,0,28,False
NDZHLZ,30,1,0,29,False
VYAOQY,31,2,0,30,False
DSYNLI,32,3,0,31,False
STUNDU,33,2,0,32,False
BERCIE,34,2,0,33,False
AUQLEY,35,3,0,34,False
SNOSMP,36,3,0,35,False
TVMUKY,37,3,0,36,False
LDHXXT,38,1,0,37,False
YWMLFB,39,3,0,38,False
VEPGGU,40,1,0,39,False
CEERXP,41,1,0,40,False
HJBUGU,42,1,0,41,False
KJRZJX,43,2,0,42,False
IVSSKB,44,2,0,43,False
LJKADB,45,3,0,44,False
OBFJKX,46,3,0,45,False
SDHWTK,47,1,0,46,False
QREXON,48,2,0,47,False
EGNCOB,49,1,0,48,False
GRLDYW,50,3,0,49,False
OARGTW,51,3,0,50,False
XEXBHE,52,1,0,51,False
OBEXCS,53,1,0,52,False
YGZTBF,54,1,0,53,False
JEPPAR,55,3,0,54,False
IVISBS,56,3,0,55,False
YGGNXQ,57,1,0,56,False
TLDFEG,58,3,0,57,False
ZACCWA,59,1,0,58,False
RBHSOP,60,3,0,59,False
JMJVYZ,61,3,0,60,False
KYGCWF,62,3,0,61,False
IOWXQW,63,1,0,62,False
NHZXYY,64,2,0,63,False
GDRUUD,65,1,0,64,False
NLGEVJ,66,1,0,65,False
XYSQDS,67,3,0,66,False
EWIRSX,68,1,0,67,False
BRSDXQ,69,1,0,68,False
DHFRBI,70,2,0,69,False
ROCYPN,71,3,0,70,False
BLUDBG,72,1,0,71,False
IEVHFK,73,2,0,72,False
WOCONT,74,1,0,73,False
PQQZYM,75,3,0,74,False
VIBBJR,76,3,0,75,False
TWPZMF,77,2,0,76,False
MIOUJW,78,1,0,77,False
KDCZJL,79,3,0,78,False
DQGBVE,80,2,0,79,False
ZJDHIE,81,3,0,80,False
PUPNFP,82,2,0,81,False
EPDUGM,83,2,0,82,False
CJSVDB,84,1,0,83,False
RYBPXR,85,2,0,84,False
QOXBNI,86,1,0,85,False
IMOENE,87,2,0,86,False
MIPIHD,88,1,0,87,False
LVVBNB,89,2,0,88,False
KUBHIU,90,1,0,89,False
MCCTUN,91,2,0,90,False
SFDELG,92,1,0,91,False
FYYJFH,93,3,0,92,False
ZQYIWA,94,1,0,93,False
FMAZNJ,95,1,0,95,False
KBRDFZ,96,2,0,96,False
SPYKVM,97,1,0,97,False
PWMRPO,98,1,0,98,False
UNVMUL,99,2,0,99,False
QSXKNG,100,2,0,100,False
JXGHMU,101,3,0,101,False
GCTTGB,102,1,0,102,False
HVGIWL,103,2,0,103,False
UUCZTI,104,3,0,104,False
HXDTOX,105,3,0,105,False
FKRRXD,106,2,0,106,False
HVVIHI,107,2,0,107,False
KIVXUN,108,1,0,108,False
CLCIIH,109,2,0,109,False
GRHCWO,110,1,0,110,False
HUMGUB,111,1,0,111,False
FTLHTI,112,3,0,112,False
CDUUAJ,113,3,0,113,False
OFQQGK,114,2,0,114,False
KNYZLZ,115,3,0,115,False
MNNWYZ,116,1,0,116,False
ZDXWVH,117,1,0,117,False
YAYRSJ,118,3,0,118,False
OESWHV,119,3,0,119,False
IKNHLK,120,1,0,120,False
XULONT,121,2,0,121,False
DLWWBD,122,3,0,122,False
MWGFJK,123,3,0,123,False
JRKKUK,124,3,0,124,False
JAXNMJ,125,3,0,125,False
RETIIV,126,3,0,126,False
PIPIBN,127,1,0,127,False
BJQONZ,128,1,0,128,False
KWWDGZ,129,3,0,129,False
XJSKYC,130,2,0,130,False
WOXETT,131,2,0,131,False
WUXXCF,132,2,0,132,False
KQMWUZ,133,3,0,133,False
MFZDBT,134,2,0,134,False
NNTIOY,135,3,0,135,False
LCECHR,136,3,0,136,False
ATDTOR,137,3,0,137,False
CQVJSS,138,3,0,138,False
NHIQUS,139,1,0,139,False
EIEMEC,140,3,0,140,False
BOVHLO,141,2,0,142,False
DHCBHQ,141,3,0,143,False
CRGOEK,1,1,0,0,False
XZHNWA,2,1,0,2,False
WVJPTH,3,2,0,3,False
AEKZGT,4,1,0,4,False
JXCYQM,5,1,0,5,False
JNCHEL,6,2,0,6,False
HYUXQP,7,1,0,7,False
LUGRUY,8,2,0,8,False
DTOVPG,9,1,0,9,False
MKUIIR,10,1,0,10,False
TNNJNH,11,1,0,11,False
FYBTOQ,12,2,0,12,False
LTFJFB,13,3,0,13,False
YHEAPF,14,3,0,14,False
NAGCBF,15,2,0,15,False
QZPMHP,16,1,0,16,False
DPYBMN,17,2,0,17,False
JOEYKR,18,1,0,18,False
JXVXBE,19,3,0,19,False
YHZIYX,20,3,0,20,False
SGTITC,21,1,0,21,False
XXEMPT,22,2,0,23,False
CYEMIK,23,3,0,24,False
DUIYXK,24,3,0,25,False
NYTZEX,25,1,0,26,False
ISPEDE,26,2,0,27,False
UNQWWA,27,2,0,29,False
SGOLJW,28,1,0,30,False
EOERPV,29,2,0,31,False
PIVBID,30,3,0,32,False
DOJPDF,31,3,0,33,False
CQIYHH,32,2,0,34,False
ZRMOFK,33,1,0,35,False
ZQSHTC,34,1,0,36,False
TPJWCH,35,3,0,37,False
HSSGSY,36,3,0,38,False
GRVKGS,37,3,0,39,False
CQGBKE,38,2,0,40,False
ACKYXX,39,1,0,41,False
YPHPBQ,40,1,0,42,False
NGQFCY,41,1,0,43,False
RXKARP,42,1,0,44,False
MKXDOK,43,1,0,45,False
DYWLQQ,44,2,0,46,False
VCDCTM,45,2,0,47,False
YMFRKX,46,2,0,48,False
THNIBG,47,3,0,49,False
HBIWEH,48,1,0,50,False
QWROKA,49,1,0,51,False
CPIVMQ,50,1,0,52,False
SVQXLT,51,1,0,53,False
XOYFOP,52,3,0,54,False
OGCDIM,53,2,0,55,False
WCQMSE,54,3,0,56,False
RNNBKR,55,1,0,57,False
XPWQUE,56,2,0,58,False
NVWPTF,57,1,0,59,False
LWUFBL,58,2,0,60,False
EBKOHJ,59,3,0,61,False
TAGISW,60,2,0,62,False
IVFZNZ,61,3,0,63,False
INZAMH,62,1,0,64,False
ZAVPJQ,63,1,0,65,False
GGNILR,64,2,0,67,False
BSEHKA,65,1,0,68,False
KRZZLO,66,3,0,69,False
YDJSOU,67,2,0,70,False
FYGQRN,68,2,0,71,False
XNOSSL,69,1,0,72,False
YDHKOV,70,2,0,73,False
DDNRFL,71,2,0,74,False
TUMNHX,72,3,0,75,False
BGNOSI,73,3,0,76,False
DCIWFC,74,3,0,77,False
EWCSBO,75,2,0,78,False
TEDWHB,76,1,0,79,False
EHBXGY,77,2,0,80,False
SVBPXI,78,1,0,81,False
BNZJIM,79,2,0,82,False
IGHWYP,80,3,0,84,False
IGVKHM,81,2,0,85,False
FGBOXH,82,1,0,86,False
VEQLEK,83,3,0,88,False
UUPKIT,84,1,0,89,False
QHYSCY,85,2,0,90,False
ZUFYUE,86,1,0,91,False
HFZJEK,87,1,0,93,False
WKPQST,88,1,0,94,False
BXZUOA,89,3,0,95,False
OVHUNR,90,1,0,96,False
MSQFDH,91,3,0,97,False
OQVSLV,92,1,0,98,False
QKPBII,93,3,0,99,False
AXXFKP,94,2,0,100,False
IPVETG,95,1,0,101,False
XNKTWE,96,1,0,102,False
KSIZMM,97,1,0,104,False
YZEJHH,98,2,0,105,False
UBMSLE,99,2,0,106,False
EGXRNM,100,3,0,107,False
SEQNBR,101,1,0,108,False
HEBGQH,102,1,0,109,False
CJOSRK,103,1,0,111,False
KPERBT,104,3,0,112,False
SHOSLT,105,3,0,113,False
RXYXJK,106,2,0,114,False
OCFFBV,107,3,0,115,False
DYOVHY,108,2,0,117,False
KAIJWE,109,2,0,118,False
QEETID,110,1,0,119,False
MCPHSV,111,1,0,120,False
OVONBL,112,3,0,121,False
DEPKXM,113,1,0,122,False
PQXGOJ,114,3,0,123,False
CRGOEK,114,2,0,124,False
XZHNWA,115,3,0,125,False
JNCHEL,116,2,0,126,False
DTOVPG,117,3,0,127,False
MKUIIR,118,2,0,128,False
TNNJNH,119,3,0,129,False
YHEAPF,120,3,0,130,False
NAGCBF,121,1,0,132,False
DPYBMN,122,1,0,133,False
JOEYKR,123,2,0,134,False
SGTITC,124,3,0,135,False
XXEMPT,125,3,0,137,False
CYEMIK,126,2,0,139,False
NYTZEX,127,3,0,140,False
UNQWWA,128,3,0,141,False
EOERPV,129,1,0,142,False
PIVBID,130,2,0,143,False
VJXZVG,1,1,0,1,False
FEDDNL,2,3,0,2,False
XBATGL,3,1,0,3,False
JUIEOI,4,1,0,4,False
USSXVJ,5,1,0,5,False
VHUEMS,6,3,0,6,False
UONQBP,7,1,0,7,False
WWBKIB,8,3,0,8,False
BNBMJI,9,2,0,9,False
EGLTQC,10,1,0,10,False
IIMMAE,11,1,0,11,False
WFPAED,12,3,0,12,False
UEJXNH,13,1,0,13,False
OIHGRK,14,3,0,14,False
ZDLNKY,15,1,0,15,False
CGOKAD,16,3,0,16,False
YDRBEF,17,3,0,17,False
QOJMRS,18,1,0,18,False
PCVGAO,19,1,0,19,False
IWLXCM,20,1,0,20,False
UXOSWS,21,3,0,21,False
WSHKLL,22,3,0,22,False
DKGIHE,23,2,0,23,False
VIVFCO,24,2,0,24,False
SFUJYC,25,1,0,25,False
DNTGXX,26,3,0,26,False
WBFCCA,27,1,0,27,False
FEBVBD,28,1,0,28,False
DNOPKK,29,3,0,29,False
VNMBAL,30,2,0,30,False
RRVGHL,31,3,0,31,False
DHZXSX,32,1,0,32,False
UPMKZN,33,2,0,33,False
ODMHZE,34,1,0,34,False
FARTDO,35,2,0,35,False
KFBEOH,36,3,0,36,False
FMBVLP,37,2,0,37,False
IAPUYN,38,3,0,38,False
SEOJVI,39,2,0,39,False
BTXBHH,40,2,0,40,False
RLXKGQ,41,3,0,41,False
CCTKNU,42,3,0,42,False
TRHVMQ,43,1,0,43,False
YEMMQG,44,2,0,44,False
CTVURD,45,1,0,45,False
NNCLKV,46,1,0,46,False
NTQWTC,47,3,0,47,False
ILADVC,48,2,0,48,False
DSQKRV,49,2,0,49,False
HTJXNO,50,3,0,50,False
GUSUTE,51,2,0,51,False
QCZQPG,52,3,0,52,False
GWORCM,53,1,0,53,False
ZOFXRL,54,2,0,54,False
CMKHZU,55,3,0,55,False
SMKDPJ,56,1,0,56,False
VORJKV,57,2,0,57,False
VOZBJL,58,3,0,58,False
JJHIVU,59,1,0,59,False
KASFCA,60,2,0,60,False
SBIQPH,61,2,0,61,False
IEFJEA,62,1,0,62,False
MDGJCF,63,1,0,63,False
ZVJYOL,64,3,0,64,False
GJKBOF,65,2,0,65,False
XWHDMW,66,1,0,66,False
VLXEKE,67,1,0,67,False
YWQETR,68,1,0,69,False
BCJCTK,69,2,0,72,False
HUEWBE,70,1,0,73,False
POGEUC,71,1,0,75,False
JXVVLG,72,3,0,76,False
QFORBY,73,2,0,77,False
GERTYV,74,3,0,78,False
KGIBBK,75,1,0,79,False
KPOWOM,76,1,0,80,False
VWUEEJ,77,3,0,81,False
YBNKWN,78,3,0,83,False
LJTZQA,79,2,0,84,False
XOLMTV,80,3,0,86,False
JPXYJJ,81,1,0,87,False
GLYNLL,82,3,0,88,False
UHFZPW,83,2,0,89,False
OPYGCK,84,3,0,93,False
HNNWMV,85,3,0,94,False
TKPEWS,86,3,0,95,False
QFFTVZ,87,3,0,96,False
NVBBMR,88,1,0,97,False
EMVOEY,89,2,0,98,False
FJAETT,90,2,0,99,False
ILDJJA,91,2,0,101,False
DUWHHS,92,3,0,102,False
RMBZIH,93,2,0,103,False
BZPSYW,94,1,0,104,False
BNIZXP,95,3,0,105,False
CCLPGD,96,3,0,106,False
JUHQPE,97,3,0,107,False
NRRKDT,98,1,0,108,False
KPWZHO,99,1,0,109,False
YSIFJV,100,3,0,110,False
LXZVFF,101,1,0,111,False
HSTGFZ,102,2,0,112,False
ADKPIG,103,3,0,113,False
PTGCVE,104,1,0,114,False
LZWHYB,105,2,0,116,False
FEDDNL,105,2,0,118,False
XBATGL,106,2,0,119,False
JUIEOI,107,2,0,120,False
USSXVJ,108,2,0,121,False
VHUEMS,109,2,0,122,False
WWBKIB,110,3,0,123,False
BNBMJI,111,2,0,124,False
WFPAED,112,3,0,125,False
UEJXNH,113,1,0,126,False
OIHGRK,114,3,0,127,False
ZDLNKY,115,1,0,128,False
QOJMRS,116,3,0,129,False
PCVGAO,117,3,0,130,False
IWLXCM,118,2,0,131,False
UXOSWS,119,2,0,132,False
WSHKLL,120,3,0,133,False
VIVFCO,121,1,0,134,False
DNTGXX,122,3,0,135,False
WBFCCA,123,1,0,136,False
DNOPKK,124,3,0,137,False
VNMBAL,125,1,0,139,False
UPMKZN,126,1,0,140,False
KFBEOH,127,3,0,142,False
FMBVLP,128,2,0,143,False
SRENTW,1,3,0,0,False
SNQMJF,2,3,0,2,False
HDRKVP,3,2,0,3,False
LSPZQX,4,3,0,4,False
QLKNQO,5,3,0,5,False
PHXNTW,6,3,0,6,False
CZZQYA,7,1,0,7,False
FQQLHM,8,1,0,8,False
UFOUYF,9,3,0,9,False
FLERJK,10,3,0,10,False
GSUZUS,11,3,0,12,False
RJBRFJ,12,3,0,13,False
KCPRIE,13,3,0,14,False
FUPLWB,14,3,0,15,False
ZMVYWL,15,3,0,16,False
ALQRCB,16,1,0,17,False
MFOETH,17,3,0,18,False
OODMEF,18,2,0,19,False
SDUBXS,19,3,0,20,False
FQDLSY,20,1,0,21,False
KGNKIN,21,3,0,22,False
IBTNIQ,22,3,0,23,False
XLCIGU,23,3,0,24,False
BZQAAV,24,3,0,25,False
TQBUEW,25,1,0,26,False
AZWHGE,26,2,0,28,False
GHLYUM,27,2,0,29,False
FNEILS,28,3,0,31,False
FMGFTF,29,3,0,32,False
USYGJY,30,2,0,33,False
ZCHMIT,31,2,0,34,False
XJSLAF,32,2,0,35,False
WKVNIX,33,3,0,37,False
JRRXDX,34,3,0,38,False
TOEFIK,35,3,0,39,False
QNIVRH,36,2,0,40,False
YNDFWQ,37,3,0,41,False
MPADUQ,38,3,0,42,False
ITKEJT,39,2,0,43,False
LZAKVS,40,3,0,44,False
TQQFNG,41,2,0,45,False
FRFDGJ,42,3,0,46,False
ZOULEG,43,3,0,47,False
PXYWTT,44,1,0,48,False
OELERZ,45,3,0,49,False
KFZNPJ,46,2,0,50,False
VKWHAC,47,3,0,52,False
YQBCQC,48,1,0,53,False
RBHVSY,49,3,0,54,False
DHDSIR,50,3,0,55,False
OIYQRG,51,3,0,56,False
EKBRIP,52,1,0,57,False
PLGPCA,53,3,0,58,False
YFMKLR,54,2,0,59,False
YGWQKN,55,3,0,60,False
DLFOQV,56,1,0,61,False
NWHSIZ,57,3,0,62,False
ZZUYBI,58,3,0,63,False
KWITQO,59,3,0,64,False
IHHUPY,60,2,0,65,False
CVGDDY,61,1,0,66,False
PHPWSV,62,1,0,67,False
SZDUTW,63,1,0,68,False
SIKCUU,64,2,0,69,False
ZDQSFE,65,2,0,71,False
BEVCZB,66,2,0,72,False
NUZSCA,67,3,0,73,False
TGRIJV,68,1,0,74,False
EBEUTF,69,3,0,75,False
CTGRKS,70,1,0,76,False
UTGALZ,71,2,0,77,False
SLIPFF,72,3,0,79,False
ZQMVAA,73,1,0,81,False
ZZNFHO,74,1,0,82,False
EVGUKG,75,2,0,83,False
YKCVGS,76,3,0,84,False
BHTQJY,77,3,0,85,False
BJXASP,78,3,0,86,False
FQYKNK,79,3,0,87,False
BGWVUC,80,2,0,88,False
XKTOLQ,81,2,0,89,False
AMEKJZ,82,2,0,90,False
HHRCYI,83,1,0,91,False
UAXBQB,84,1,0,92,False
YFTEXG,85,2,0,93,False
NNAJFT,86,2,0,94,False
ATFKCT,87,2,0,95,False
QBCRCU,88,1,0,96,False
EFOVYY,89,1,0,97,False
JXTFYD,90,3,0,98,False
VMVROW,91,2,0,101,False
RJDWBW,92,1,0,102,False
UNLXIP,93,1,0,103,False
SHXYZK,94,3,0,104,False
BYNVWI,95,3,0,106,False
XEVXAZ,96,2,0,107,False
FNVXSB,97,2,0,108,False
ZBDYPZ,98,1,0,109,False
JPCSTD,99,2,0,110,False
EVKQXM,100,1,0,111,False
QHTKSX,101,3,0,112,False
UYYOVV,102,3,0,113,False
MKQWCL,103,1,0,114,False
ICUROV,104,2,0,115,False
BJRGBG,105,1,0,116,False
OSKPRP,106,3,0,117,False
YOJKND,107,3,0,118,False
SNQMJF,107,3,0,119,False
HDRKVP,108,3,0,120,False
QLKNQO,109,3,0,121,False
FQQLHM,110,1,0,122,False
GSUZUS,111,3,0,123,False
RJBRFJ,112,2,0,126,False
KCPRIE,113,3,0,127,False
FUPLWB,114,2,0,128,False
ZMVYWL,115,1,0,129,False
MFOETH,116,3,0,130,False
FQDLSY,117,3,0,132,False
BZQAAV,118,1,0,133,False
TQBUEW,119,2,0,134,False
GHLYUM,120,1,0,135,False
FNEILS,121,1,0,136,False
FMGFTF,122,2,0,137,False
USYGJY,123,3,0,138,False
ZCHMIT,124,2,0,139,False
WKVNIX,125,3,0,140,False
TOEFIK,126,2,0,141,False
QNIVRH,127,3,0,142,False
YNDFWQ,128,3,0,143,False
NFZFHZ,1,1,0,0,False
SROJJK,2,2,0,1,False
UZGMMK,3,3,0,2,False
FIEGUY,4,2,0,3,False
MEQCSM,5,1,0,4,False
BLGMBB,6,1,0,5,False
ERHUIW,7,1,0,6,False
UEWHZN,8,1,0,8,False
BVRJZB,9,3,0,9,False
RUAGII,10,1,0,10,False
NYLMCC,11,2,0,11,False
ELJXFA,12,2,0,12,False
TFJGCW,13,3,0,13,False
QOQPFU,14,1,0,14,False
IWXBQL,15,3,0,15,False
OYFCAP,16,3,0,16,False
ACFOAJ,17,2,0,17,False
WFWSPR,18,3,0,18,False
RSQGBE,19,2,0,19,False
ZEJLGE,20,2,0,21,False
QWTZQU,21,2,0,23,False
ZMFLOV,22,1,0,24,False
LSAMTE,23,1,0,25,False
UBJGYN,24,1,0,26,False
KOPWEA,25,1,0,27,False
TPIIVM,26,3,0,28,False
EUWAHT,27,1,0,30,False
VHOOUJ,28,3,0,31,False
GXHCNC,29,1,0,32,False
RZQYPC,30,3,0,33,False
LLAKTJ,31,2,0,34,False
DIDDLF,32,3,0,35,False
HTLNXE,33,3,0,36,False
KINBHH,34,1,0,37,False
VRXAAJ,35,1,0,39,False
EIUAUC,36,3,0,40,False
HTHIRH,37,2,0,41,False
IYLZZN,38,2,0,42,False
XZHINY,39,1,0,43,False
LXZZMC,40,2,0,45,False
GKJSVC,41,3,0,46,False
APLCCJ,42,2,0,47,False
PEYCGM,43,3,0,48,False
GNPFPH,44,1,0,49,False
FYMASL,45,1,0,50,False
XZMJSR,46,3,0,51,False
DLUYAE,47,1,0,52,False
SOWJSR,48,3,0,53,False
FXVBKY,49,2,0,54,False
RGFIGK,50,3,0,55,False
AUJRSZ,51,3,0,56,False
YZOCRD,52,1,0,57,False
PUNYVZ,53,3,0,58,False
RFTNMN,54,2,0,59,False
LFMNPU,55,1,0,60,False
HOOIXS,56,3,0,61,False
ZUILUT,57,1,0,62,False
TTQUSL,58,2,0,63,False
NPIYVL,59,2,0,64,False
LKBICO,60,2,0,65,False
QMDBZW,61,3,0,66,False
BFNUTB,62,2,0,67,False
GCITRA,63,1,0,68,False
CQUYPO,64,3,0,69,False
ZETLUN,65,3,0,70,False
CLBXWL,66,3,0,71,False
QMSYNK,67,3,0,72,False
CSQTZC,68,3,0,73,False
NSNDJY,69,3,0,74,False
XIWPAX,70,1,0,75,False
ZASJOW,71,2,0,77,False
KZODGL,72,3,0,78,False
RAJYHH,73,2,0,79,False
YQKUUQ,74,3,0,80,False
LPUHQQ,75,2,0,81,False
JCCLTZ,76,3,0,83,False
DDAWNX,77,2,0,84,False
YAEVJL,78,1,0,85,False
HYQVLQ,79,1,0,86,False
GKWBRX,80,1,0,88,False
IZIYAW,81,3,0,89,False
EBTFUQ,82,2,0,90,False
JFMBPZ,83,2,0,92,False
HLWILG,84,2,0,93,False
JABVCQ,85,3,0,94,False
FHGWHV,86,1,0,95,False
GJJTVV,87,3,0,96,False
IJLOQE,88,1,0,97,False
RYUCYC,89,3,0,98,False
HYCGHF,90,2,0,99,False
XJFDFX,91,2,0,100,False
GVKCDK,92,3,0,101,False
OEWPJP,93,1,0,102,False
EKZOQZ,94,3,0,103,False
OGQNSU,95,3,0,104,False
YAPNHQ,96,2,0,105,False
MHXXQX,97,2,0,106,False
GIXSWM,98,3,0,107,False
AEPIAI,99,2,0,108,False
VIEQCO,100,2,0,109,False
AINZKV,101,3,0,110,False
UNXTGQ,102,1,0,111,False
XQCUOH,103,3,0,112,False
BJSAPP,104,1,0,113,False
LBHNXC,105,1,0,114,False
JQPCRD,106,1,0,115,False
ATYRPK,107,2,0,116,False
KZWSFX,108,3,0,117,False
YLTUBL,109,1,0,118,False
VYEQBI,110,2,0,119,False
WFHAPK,111,1,0,120,False
UPXEQW,112,1,0,121,False
EQUNMK,113,2,0,123,False
ZZFLJD,114,1,0,124,False
WFNZHG,115,3,0,125,False
EGDKKU,116,2,0,126,False
KVUGJP,117,1,0,127,False
RLGALI,118,3,0,128,False
LLNSSM,119,1,0,129,False
NRHCRG,120,2,0,130,False
PXMSFE,121,3,0,131,False
AXBYCU,122,2,0,132,False
NFZFHZ,122,2,0,133,False
SROJJK,123,2,0,134,False
UZGMMK,124,3,0,135,False
FIEGUY,125,3,0,136,False
BVRJZB,126,2,0,137,False
NYLMCC,127,1,0,138,False
QOQPFU,128,1,0,139,False
IWXBQL,129,1,0,140,False
ACFOAJ,130,1,0,141,False
RSQGBE,131,2,0,142,False
ZEJLGE,132,3,0,143,False
ZPFKHH,1,1,0,0,False
SULAAO,2,1,0,1,False
LABVQB,3,3,0,2,False
OQLDDJ,4,2,0,3,False
FLEYWW,5,2,0,4,False
DFOVHK,6,3,0,5,False
GKYINO,7,2,0,6,False
PPZCIQ,8,1,0,7,False
PPXSWZ,9,3,0,8,False
QQIBOR,10,2,0,9,False
EKFSOQ,11,2,0,10,False
YXDQLP,12,3,0,11,False
HHETZU,13,2,0,12,False
ZFKZLX,14,1,0,13,False
BQNPFZ,15,3,0,14,False
PFIITS,16,1,0,15,False
SEGHQB,17,2,0,16,False
XJBTXY,18,1,0,17,False
PEGPVM,19,1,0,18,False
CULIUH,20,2,0,19,False
PUJBBI,21,1,0,20,False
DNOUXJ,22,2,0,21,False
VPBMUP,23,1,0,22,False
VAKDWO,24,3,0,24,False
HAKSFB,25,1,0,25,False
BAGDOG,26,2,0,27,False
CVGRNO,27,3,0,28,False
GZOVDO,28,3,0,29,False
NRKLKD,29,2,0,30,False
NSDOJP,30,1,0,31,False
GIBUOQ,31,1,0,32,False
ZGMMCY,32,3,0,35,False
TFFQNQ,33,1,0,36,False
JTACFP,34,3,0,37,False
RWRYMO,35,2,0,38,False
BKBOUP,36,2,0,39,False
SWZHMP,37,1,0,40,False
OVXNTH,38,2,0,41,False
NDNHYC,39,1,0,42,False
ZPBKDB,40,3,0,43,False
LVOBTL,41,2,0,44,False
YEZBYG,42,3,0,45,False
ZLDVZZ,43,2,0,46,False
XTJRGT,44,3,0,48,False
SAIIDI,45,1,0,49,False
TXWKCB,46,2,0,50,False
HTCUNA,47,2,0,51,False
XVMZEL,48,3,0,52,False
CAAFJF,49,2,0,53,False
UBRGXE,50,1,0,54,False
LBBYHY,51,3,0,56,False
IDZXZW,52,2,0,57,False
TNZRPG,53,2,0,58,False
QYJEMB,54,3,0,59,False
HQASKV,55,1,0,60,False
OXKEPM,56,2,0,62,False
QADCLN,57,1,0,63,False
JULFZB,58,1,0,64,False
ZLVZDX,59,1,0,65,False
XGRJME,60,1,0,66,False
TECSZJ,61,3,0,67,False
SGDBOO,62,3,0,68,False
UTIGDB,63,3,0,69,False
VSOSSY,64,3,0,70,False
DDAVFQ,65,2,0,71,False
YZNURG,66,2,0,72,False
YMRODO,67,3,0,73,False
QJXEZT,68,2,0,74,False
BENPEX,69,3,0,75,False
SAFPQY,70,2,0,76,False
QEDPMR,71,3,0,77,False
XECICI,72,1,0,78,False
DBIAEK,73,1,0,79,False
IKZTXZ,74,2,0,81,False
JTQVHK,75,1,0,82,False
JLENIQ,76,1,0,83,False
WXENDZ,77,3,0,84,False
RQMJTK,78,2,0,85,False
VUVJXU,79,2,0,86,False
HYHWHO,80,3,0,87,False
MBYXGU,81,3,0,88,False
YVNGOR,82,1,0,89,False
WUIDZY,83,2,0,90,False
LLNTSN,84,1,0,91,False
VMVEHE,85,1,0,92,False
QAWLUI,86,3,0,93,False
YOGJRG,87,1,0,95,False
VCPAGD,88,1,0,96,False
VYUYAJ,89,3,0,97,False
VUAICQ,90,3,0,98,False
DFSAOQ,91,1,0,99,False
BWHPSC,92,1,0,100,False
IFVCVZ,93,2,0,101,False
JSPLQM,94,1,0,102,False
ZFTGJG,95,3,0,103,False
MKFNJL,96,3,0,104,False
WGKKAS,97,1,0,105,False
XOJSMP,98,3,0,106,False
MLCKGR,99,1,0,107,False
NWOCRQ,100,3,0,109,False
NFZJEB,101,3,0,110,False
SULAAO,101,1,0,111,False
LABVQB,102,3,0,112,False
OQLDDJ,103,1,0,113,False
GKYINO,104,2,0,114,False
PPZCIQ,105,2,0,115,False
PPXSWZ,106,3,0,116,False
QQIBOR,107,2,0,117,False
EKFSOQ,108,3,0,118,False
YXDQLP,109,2,0,119,False
BQNPFZ,110,2,0,120,False
SEGHQB,111,2,0,122,False
XJBTXY,112,1,0,123,False
PEGPVM,113,2,0,124,False
PUJBBI,114,1,0,125,False
DNOUXJ,115,1,0,126,False
VAKDWO,116,2,0,127,False
BAGDOG,117,1,0,128,False
CVGRNO,118,3,0,129,False
NRKLKD,119,3,0,130,False
GIBUOQ,120,2,0,131,False
ZGMMCY,121,2,0,132,False
TFFQNQ,122,1,0,133,False
JTACFP,123,1,0,135,False
RWRYMO,124,3,0,136,False
BKBOUP,125,1,0,137,False
OVXNTH,126,3,0,138,False
NDNHYC,127,1,0,139,False
ZPBKDB,128,1,0,140,False
LVOBTL,129,3,0,141,False
YEZBYG,130,1,0,142,False
ZLDVZZ,131,1,0,143,False
PLTZFC,1,1,0,0,False
CVOEYV,2,3,0,1,False
XSHEPB,3,2,0,2,False
GSSEKE,4,1,0,3,False
YXLLZA,5,3,0,4,False
EXUMXW,6,2,0,5,False
ZANXKF,7,2,0,6,False
RZQTHS,8,2,0,7,False
LVAFQB,9,1,0,8,False
SFKHXR,10,2,0,9,False
GVJLGV,11,3,0,10,False
KIHRAX,12,3,0,11,False
DANALX,13,2,0,12,False
NEIBPG,14,3,0,13,False
OHPMUE,15,3,0,14,False
CDPAPC,16,3,0,15,False
SBMCQI,17,1,0,16,False
FYYYQW,18,3,0,18,False
SFAZEO,19,1,0,19,False
WGVDCZ,20,1,0,20,False
OFXVEY,21,1,0,21,False
YFGVHV,22,1,0,22,False
IQHDGW,23,1,0,23,False
HCPOZD,24,3,0,24,False
ITAVMX,25,3,0,25,False
MEMDTM,26,1,0,26,False
BAZBSH,27,3,0,27,False
QEFWCM,28,2,0,28,False
FANRNM,29,1,0,30,False
SEOKWY,30,1,0,31,False
XAENSH,31,2,0,33,False
BTBVLS,32,1,0,35,False
MNBBIA,33,1,0,36,False
VQTHSN,34,3,0,37,False
CEOVOD,35,3,0,38,False
MUNNGR,36,1,0,39,False
HOZDIB,37,3,0,40,False
IOWOCO,38,3,0,41,False
LYENAW,39,3,0,43,False
NMGLZY,40,3,0,44,False
OWWRAM,41,3,0,45,False
WTXTYF,42,1,0,46,False
DUTRQD,43,1,0,48,False
EVCIWN,44,1,0,49,False
NWSTRW,45,3,0,51,False
PTHZZQ,46,1,0,52,False
YNWZKD,47,3,0,53,False
EWFTZO,48,2,0,55,False
QYJPUV,49,2,0,56,False
NXPYQE,50,3,0,57,False
YHQEBV,51,1,0,58,False
AIXAUJ,52,1,0,59,False
NMIRSQ,53,1,0,60,False
KUYVHR,54,1,0,62,False
OVUXUM,55,2,0,63,False
JBGSDV,56,1,0,64,False
NZBPXN,57,2,0,65,False
IKMEWL,58,2,0,66,False
RULXDV,59,2,0,67,False
EOTXLC,60,2,0,68,False
VSOZKD,61,3,0,69,False
BRCQNG,62,3,0,70,False
EUXQZV,63,2,0,71,False
LMFJZR,64,3,0,72,False
OZZHKY,65,3,0,74,False
YXCEAQ,66,2,0,75,False
RPZFYL,67,2,0,76,False
AENHZZ,68,3,0,77,False
EVNUGR,69,1,0,78,False
UIWNTC,70,2,0,79,False
NKKLNQ,71,1,0,80,False
DHJBTI,72,1,0,81,False
MUOZWO,73,3,0,83,False
YOOCKE,74,1,0,84,False
AESAGA,75,1,0,85,False
KHUQLH,76,3,0,86,False
NGGSWH,77,3,0,87,False
XQYJPX,78,1,0,88,False
MBRJNW,79,1,0,89,False
LVMKRW,80,2,0,90,False
GLKSOX,81,2,0,91,False
QZNWYH,82,2,0,92,False
SAPUNF,83,1,0,93,False
KYRICV,84,1,0,94,False
MSRUAR,85,1,0,95,False
QNACCM,86,2,0,96,False
GCMSYQ,87,1,0,97,False
UOXUFX,88,1,0,98,False
ZQTYDP,89,2,0,99,False
LYBRRW,90,3,0,100,False
SQFMOS,91,3,0,101,False
RZGNRD,92,1,0,102,False
JQEFDH,93,2,0,103,False
AFFFUI,94,1,0,104,False
LOLAUJ,95,1,0,105,False
GAOPSU,96,3,0,108,False
LUUREY,97,3,0,109,False
KDIWWZ,98,2,0,110,False
IRWORD,99,1,0,111,False
IUJDVT,100,2,0,112,False
RYBIHT,101,3,0,113,False
QDCGQS,102,1,0,114,False
SWLOYL,103,2,0,115,False
PMHQFI,104,3,0,117,False
SIZAID,105,3,0,118,False
NUBRNB,106,3,0,119,False
GIDPEI,107,1,0,120,False
ISNCNA,108,3,0,121,False
PLTZFC,108,2,0,122,False
CVOEYV,109,2,0,123,False
XSHEPB,110,3,0,124,False
GSSEKE,111,1,0,125,False
EXUMXW,112,3,0,126,False
RZQTHS,113,2,0,127,False
LVAFQB,114,1,0,128,False
NEIBPG,115,1,0,129,False
CDPAPC,116,3,0,130,False
SFAZEO,117,1,0,132,False
WGVDCZ,118,2,0,133,False
OFXVEY,119,1,0,134,False
YFGVHV,120,3,0,135,False
HCPOZD,121,2,0,136,False
FANRNM,122,3,0,137,False
BTBVLS,123,1,0,138,False
MNBBIA,124,1,0,140,False
MUNNGR,125,2,0,143,False
WIUVNS,1,3,0,0,False
OPTOLC,2,2,0,2,False
JDWUNE,3,1,0,3,False
PEPJOE,4,2,0,4,False
YTSBRO,5,2,0,5,False
QXCTCT,6,1,0,6,False
YOVRRK,7,3,0,7,False
BMGJEP,8,1,0,8,False
MRZWCN,9,2,0,9,False
RPHEDO,10,2,0,11,False
QHSUMZ,11,3,0,12,False
KQJAIO,12,2,0,13,False
PWWZXC,13,3,0,14,False
TJOXBY,14,2,0,15,False
MRGQUJ,15,3,0,16,False
UMKQLY,16,1,0,17,False
OGXNBA,17,2,0,18,False
MNZKUP,18,3,0,19,False
FKCIHU,19,1,0,20,False
FVWQVJ,20,2,0,21,False
MZYZTU,21,1,0,22,False
SITNNX,22,1,0,23,False
WYSKFW,23,1,0,24,False
HUVJDI,24,3,0,26,False
WBBUWQ,25,1,0,27,False
MSEQPR,26,3,0,28,False
JDBADT,27,2,0,29,False
QYVWFK,28,3,0,30,False
WJBSNL,29,1,0,31,False
LLMWYH,30,2,0,32,False
RSKRSE,31,3,0,33,False
CARBES,32,3,0,34,False
RFTEQE,33,2,0,35,False
KYRZFG,34,3,0,36,False
VCTSUL,35,1,0,37,False
PEBRKI,36,1,0,38,False
CHCGGB,37,1,0,39,False
UQLSHO,38,3,0,40,False
DSFSRH,39,2,0,41,False
CDWAXD,40,1,0,42,False
FVKYIN,41,1,0,43,False
XIBUTT,42,3,0,44,False
RXPIGZ,43,2,0,46,False
LJUGXZ,44,1,0,47,False
KFYJJS,45,3,0,48,False
QZUSTT,46,3,0,50,False
UWZXPF,47,1,0,51,False
PPHXUJ,48,2,0,52,False
ZZZLIP,49,3,0,53,False
NUQPAY,50,3,0,54,False
WWVBMR,51,1,0,56,False
UDVVXB,52,3,0,58,False
TTUUCC,53,1,0,59,False
VSLAWG,54,3,0,60,False
JGVYSZ,55,1,0,61,False
XVUVGJ,56,3,0,62,False
LMVSLV,57,2,0,63,False
VEVZPL,58,1,0,64,False
LXIDXB,59,1,0,66,False
EVHZGL,60,3,0,67,False
ZPVHDO,61,3,0,68,False
ALTIRO,62,1,0,69,False
XYYGWS,63,1,0,70,False
UBGPJU,64,3,0,71,False
TSQBQZ,65,3,0,72,False
GBUHOW,66,1,0,73,False
MGKKXY,67,1,0,74,False
XTYOXJ,68,3,0,75,False
QCOTMB,69,2,0,76,False
PIYNPP,70,3,0,77,False
LACYKL,71,3,0,78,False
MLGJZA,72,3,0,79,False
BQNFIV,73,2,0,80,False
VBAWOF,74,3,0,81,False
SVGGSJ,75,2,0,83,False
IMQTFP,76,2,0,84,False
TGYTLM,77,2,0,85,False
DKRSML,78,3,0,86,False
PKROYD,79,3,0,87,False
ZXBQIL,80,1,0,88,False
LQZHGA,81,2,0,89,False
MJNROY,82,3,0,90,False
JTQZBJ,83,1,0,91,False
CKFRSC,84,1,0,92,False
HJKISE,85,1,0,93,False
QKIKAR,86,3,0,94,False
CCRVHE,87,2,0,95,False
PIBRYN,88,2,0,96,False
UNQQSW,89,3,0,97,False
RCTKUQ,90,2,0,98,False
XNAODC,91,2,0,99,False
ZYBVWF,92,1,0,101,False
COXCPB,93,2,0,102,False
RRRIQL,94,3,0,104,False
VJVHYE,95,2,0,107,False
YFKDVO,96,1,0,109,False
SFWCCP,97,3,0,110,False
PQDICT,98,2,0,111,False
LMYTMO,99,2,0,112,False
WYXQBL,100,3,0,113,False
WODWBK,101,3,0,114,False
PYUYWJ,102,1,0,115,False
RINSNW,103,1,0,116,False
DMVNYO,104,1,0,117,False
UPHEVB,105,1,0,118,False
CFJGSE,106,2,0,119,False
MICEUT,107,2,0,120,False
QNNMSL,108,2,0,121,False
VSYIJK,109,2,0,122,False
OPTOLC,109,2,0,123,False
JDWUNE,110,3,0,124,False
PEPJOE,111,3,0,125,False
QHSUMZ,112,3,0,126,False
KQJAIO,113,3,0,127,False
PWWZXC,114,3,0,129,False
TJOXBY,115,2,0,130,False
UMKQLY,116,2,0,131,False
OGXNBA,117,2,0,133,False
MNZKUP,118,3,0,134,False
FKCIHU,119,1,0,135,False
HUVJDI,120,2,0,136,False
WBBUWQ,121,3,0,138,False
WJBSNL,122,3,0,139,False
CARBES,123,1,0,140,False
KYRZFG,124,3,0,142,False
VCTSUL,125,2,0,143,False
