PassengerID,FirstName,LastName,Telephone,Email,Birthday
0,John,Mccann,73737413,joh.mcc@hotmail.dk,1968-05-19
1,Nia,Klein,52125082,nia.kle@gmail.com,1971-02-25
2,Muhammad,Griffin,58506010,muh.gri@hotmail.com,1953-01-08
3,Maya,Reyes,88155072,may.rey@gmail.com,2005-08-29
4,Eden,Kirby,55734867,ede.kir@hotmail.dk,1951-12-02
5,Gwendolyn,Boone,68402400,gwe.boo@hotmail.com,2001-04-17
6,Denver,Vaughn,76748474,den.vau@yahoo.dk,1956-09-20
7,Ryleigh,Franklin,67171657,ryl.fra@gmail.com,1996-01-29
8,Kareem,Mcgee,54338377,kar.mcg@yahoo.dk,1948-02-03
9,Susan,Lester,70547525,sus.les@hotmail.dk,1956-10-03
10,Gerardo,Russell,51457061,ger.rus@yahoo.dk,1954-10-09
11,Ximena,Santana,64610253,xim.san@hotmail.com,1971-05-22
12,Jamarion,Griffin,40330523,jam.gri@hotmail.com,2006-08-18
13,Helena,Mcintyre,65540805,hel.mci@hotmail.dk,1959-01-14
14,Amir,Pace,61500465,ami.pac@hotmail.dk,2007-05-30
15,Jennifer,Cardenas,52103530,jen.car@yahoo.dk,2003-01-14
16,Judson,Curtis,43808751,jud.cur@gmail.com,2020-11-22
17,Sofia,Brennan,76463160,sof.bre@hotmail.dk,1969-01-30
18,Skyler,Cardenas,65386710,sky.car@hotmail.dk,1986-03-14
19,Aislinn,Moran,55742877,ais.mor@yahoo.dk,1975-10-18
20,Killian,Nicholson,46651220,kil.nic@gmail.com,1960-05-25
21,Whitney,Dorsey,74461668,whi.dor@hotmail.com,1961-06-24
22,Zayne,Berry,56764161,zay.ber@hotmail.com,1963-05-08
23,Sadie,Madden,63184831,sad.mad@gmail.com,2007-08-11
24,Hugh,Stuart,77050206,hug.stu@hotmail.dk,1980-05-17
25,Nadia,Beck,77636855,nad.bec@yahoo.dk,2014-09-21
26,Raymond,Blair,64627660,ray.bla@hotmail.dk,1997-02-08
27,Amelia,Petty,44547174,ame.pet@hotmail.com,1993-05-28
28,Alfonso,Browning,84241675,alf.bro@hotmail.com,1990-08-28
29,April,Hanson,66468684,apr.han@yahoo.dk,1959-12-18
30,Nathanael,Vazquez,68242310,nat.vaz@hotmail.com,1970-10-16
31,Annalee,Woodard,42572021,ann.woo@gmail.com,1974-03-15
32,Ali,Woodward,75666263,ali.woo@yahoo.dk,1971-07-05
33,Eileen,Huffman,57158637,eil.huf@yahoo.dk,2009-05-28
34,Barrett,Wall,56820154,bar.wal@hotmail.com,1991-06-02
35,Kailani,Bradley,80317730,kai.bra@hotmail.dk,1986-12-06
36,Odin,Monroe,61054515,odi.mon@yahoo.dk,1948-05-20
37,Kira,Maynard,54146846,kir.may@yahoo.dk,1993-04-28
38,Colby,Moran,60488410,col.mor@yahoo.dk,1992-07-08
39,Alexandria,Lowery,52278182,ale.low@yahoo.dk,2006-02-23
40,Robert,Mathews,51840051,rob.mat@yahoo.dk,1988-03-14
41,Ann,Chambers,70225263,ann.cha@yahoo.dk,1976-04-11
42,Rocco,Archer,52083664,roc.arc@hotmail.com,1983-12-07
43,Lilliana,Patrick,87141444,lil.pat@yahoo.dk,2007-09-11
44,Jaiden,Reyes,50866218,jai.rey@hotmail.dk,2016-01-25
45,Harlee,Camacho,65417046,har.cam@hotmail.com,1991-05-01
46,Wesley,Lester,77714262,wes.les@yahoo.dk,1958-03-16
47,Amia,Lopez,72728640,ami.lop@yahoo.dk,2002-05-05
48,Titan,Bird,83606673,tit.bir@hotmail.dk,1998-05-10
49,Nylah,Shields,63648082,nyl.shi@hotmail.com,1959-08-20
50,Kieran,Hines,64735028,kie.hin@gmail.com,2004-03-13
51,Everleigh,Bates,56766223,eve.bat@yahoo.dk,2000-05-10
52,Alexander,Crawford,44880277,ale.cra@gmail.com,1983-04-06
53,Dana,Shannon,85824205,dan.sha@hotmail.com,1967-06-14
54,Joseph,Ruiz,74005606,jos.rui@hotmail.com,1993-12-08
55,Lacey,Farmer,88173682,lac.far@hotmail.dk,1964-12-31
56,Leonidas,Mcdowell,67384180,leo.mcd@yahoo.dk,2020-05-30
57,Destiny,Frey,73235267,des.fre@hotmail.com,1985-08-03
58,Kayson,Charles,54653754,kay.cha@hotmail.com,1992-04-27
59,Izabella,Le,68787364,iza.le@yahoo.dk,1982-01-25
60,Jasiah,Gardner,66661287,jas.gar@yahoo.dk,1988-06-17
61,Arielle,Jacobs,43155665,ari.jac@gmail.com,1967-11-04
62,Carmelo,Montgomery,70304835,car.mon@yahoo.dk,2020-09-30
63,Bella,Pruitt,87615661,bel.pru@hotmail.com,1945-11-04
64,Yousef,Graves,88705028,you.gra@yahoo.dk,1946-07-22
65,Brynlee,Stokes,71327735,bry.sto@yahoo.dk,2014-11-24
66,Jadon,Allison,83727702,jad.all@yahoo.dk,2009-07-22
67,Maggie,Dillon,46860745,mag.dil@yahoo.dk,1985-04-09
68,Leroy,Nash,80261160,ler.nas@hotmail.com,1990-10-01
69,Danielle,Fleming,88455468,dan.fle@yahoo.dk,1955-10-11
70,Micah,Cameron,88624178,mic.cam@gmail.com,1968-08-07
71,Kyra,Freeman,73574826,kyr.fre@gmail.com,1993-11-24
72,Kristopher,Campos,66472405,kri.cam@hotmail.com,1958-06-26
73,Willow,Mccormick,43866243,wil.mcc@hotmail.dk,2003-07-12
74,Remy,Crosby,81655204,rem.cro@gmail.com,1948-08-04
75,Mira,Collins,71804300,mir.col@yahoo.dk,1978-08-07
76,Bruno,Cox,56356753,bru.cox@hotmail.com,1966-10-26
77,Ella,Schwartz,60100064,ell.sch@hotmail.com,1997-09-12
78,Jose,Blair,58864725,jos.bla@gmail.com,1983-03-31
79,Angie,Dorsey,74724112,ang.dor@hotmail.dk,1968-02-06
80,Adam,West,60110725,ada.wes@yahoo.dk,2008-03-14
81,Louisa,Small,61206672,lou.sma@hotmail.dk,2007-12-07
82,Vaughn,Ritter,68800511,vau.rit@hotmail.dk,1950-01-28
83,Alanna,Irwin,43362767,ala.irw@hotmail.dk,1946-02-18
84,Braylen,Bass,61784664,bra.bas@hotmail.com,1981-06-19
85,Moriah,Meza,84315675,mor.mez@hotmail.dk,1962-10-07
86,Arthur,Proctor,51431834,art.pro@hotmail.dk,1987-10-26
87,Sawyer,Walker,82302800,saw.wal@hotmail.com,2013-05-08
88,Toby,Aguilar,63358573,tob.agu@gmail.com,1981-12-30
89,Lylah,Sandoval,53740186,lyl.san@gmail.com,2016-10-02
90,George,Castaneda,85738100,geo.cas@hotmail.com,1970-05-26
91,Anastasia,Riddle,74605546,ana.rid@hotmail.com,1952-09-29
92,Bentlee,Hansen,77815682,ben.han@gmail.com,1954-04-27
93,Zendaya,Ashley,84648235,zen.ash@gmail.com,1986-09-08
94,Ezequiel,Kaufman,46477471,eze.kau@hotmail.dk,1969-07-11
95,Bailee,Callahan,82267657,bai.cal@yahoo.dk,1995-08-03
96,Matthew,Underwood,85003736,mat.und@hotmail.com,2008-08-01
97,Keira,Cuevas,84068878,kei.cue@hotmail.com,1991-11-10
98,Rayden,Case,62113655,ray.cas@hotmail.com,2005-10-04
99,Gabriela,Dillon,71080667,gab.dil@yahoo.dk,1977-07-03
100,Craig,Stephens,43165185,cra.ste@hotmail.dk,1978-08-22
101,Hailey,Hinton,83136874,hai.hin@hotmail.dk,1960-01-28
102,Ameer,Stark,65677241,ame.sta@yahoo.dk,2010-02-01
103,Milena,Cantu,44466551,mil.can@hotmail.dk,1981-04-05
104,Gordon,Osborn,81655141,gor.osb@hotmail.dk,1996-10-13
105,Amelie,Mullen,75705841,ame.mul@yahoo.dk,1969-12-23
106,Wayne,Barnett,56011148,way.bar@hotmail.com,1957-05-16
107,Karsyn,French,61653713,kar.fre@gmail.com,1986-04-21
108,Denver,Petty,82417051,den.pet@yahoo.dk,2009-09-24
109,Esperanza,Kline,61078015,esp.kli@hotmail.dk,2008-03-01
110,Abraham,Koch,48141880,abr.koc@yahoo.dk,1956-05-18
111,Gracelyn,Lara,68155032,gra.lar@yahoo.dk,2015-02-02
112,James,Espinoza,85366546,jam.esp@hotmail.dk,1992-02-20
113,Simone,Gillespie,84872342,sim.gil@hotmail.com,2008-02-04
114,Marc,Bowman,67766475,mar.bow@yahoo.dk,1956-03-23
115,Gracelyn,Nixon,46471655,gra.nix@hotmail.dk,1947-04-11
116,Salvatore,Smith,75106536,sal.smi@hotmail.com,1981-10-05
117,Ashlynn,Downs,46177756,ash.dow@gmail.com,1955-07-06
118,Roy,Sims,88737045,roy.sim@gmail.com,1975-10-13
119,Paige,Jones,77182516,pai.jon@yahoo.dk,1952-04-11
120,Ronald,Garcia,42555408,ron.gar@yahoo.dk,1980-01-15
121,Samantha,Bruce,76707112,sam.bru@hotmail.dk,2010-08-31
122,Cristian,Macdonald,40105717,cri.mac@gmail.com,1952-09-23
123,Nathalia,Leach,67180871,nat.lea@yahoo.dk,1965-03-15
124,Ulises,Buckley,60534556,uli.buc@gmail.com,2000-02-08
125,Isabelle,Barr,43614236,isa.bar@yahoo.dk,1967-08-07
126,Coleman,Davenport,41753306,col.dav@hotmail.com,1978-08-01
127,Karina,Soto,68514017,kar.sot@yahoo.dk,1955-01-21
128,Kase,Houston,43825571,kas.hou@yahoo.dk,1973-07-24
129,Kimora,Tyler,74426806,kim.tyl@gmail.com,1951-12-23
130,Musa,Williams,56271815,mus.wil@hotmail.dk,2017-10-27
131,Morgan,Serrano,57420664,mor.ser@yahoo.dk,1971-11-13
132,Ramon,Nielsen,47401320,ram.nie@yahoo.dk,1982-07-24
133,Sarahi,Hendricks,44137661,sar.hen@hotmail.dk,1980-11-04
134,Ignacio,Blackwell,78853536,ign.bla@hotmail.dk,1986-07-06
135,Azaria,Sawyer,86852177,aza.saw@hotmail.com,1993-06-07
136,Anders,Cherry,40776155,and.che@yahoo.dk,1962-09-22
137,Evangeline,Meyer,88046551,eva.mey@gmail.com,2021-01-30
138,Aldo,Howe,56865256,ald.how@hotmail.com,2014-03-01
139,Hope,Mcdaniel,45163843,hop.mcd@hotmail.com,2018-04-19
140,Ryland,Reynolds,55366057,ryl.rey@gmail.com,1999-01-19
141,Harlee,Booker,74870352,har.boo@hotmail.dk,1977-10-25
142,Jeremy,Huffman,47712812,jer.huf@hotmail.dk,1975-09-16
143,Zaylee,Figueroa,48402743,zay.fig@yahoo.dk,2017-10-10
144,Case,Gibson,67558866,cas.gib@hotmail.dk,1978-11-06
145,Josephine,Gay,74507440,jos.gay@yahoo.dk,1970-07-14
146,Remington,Macias,56037851,rem.mac@hotmail.dk,2006-05-19
147,Eva,Farmer,67868357,eva.far@hotmail.com,1962-08-14
148,Zaid,Owen,67217320,zai.owe@gmail.com,1977-07-23
149,Meilani,Drake,73461462,mei.dra@yahoo.dk,2018-12-28
150,Brantlee,Gibson,41885087,bra.gib@hotmail.dk,2008-07-02
151,Emerie,Franklin,52610658,eme.fra@yahoo.dk,1978-11-15
152,Amare,Ayala,65270878,ama.aya@yahoo.dk,1995-02-07
153,Veda,Fritz,81475828,ved.fri@yahoo.dk,1967-09-26
154,Emerson,Barnett,81887242,eme.bar@hotmail.dk,1997-05-24
155,Whitney,Turner,43230431,whi.tur@gmail.com,1954-07-10
156,Thiago,Melton,54003631,thi.mel@hotmail.com,1973-02-04
157,Noor,Acevedo,58412428,noo.ace@hotmail.com,1966-02-12
158,Steven,Lawrence,83784178,ste.law@hotmail.com,1978-12-30
159,Aspen,Thomas,55732448,asp.tho@hotmail.dk,1988-01-15
160,Willie,Lamb,70860730,wil.lam@gmail.com,1948-08-03
161,Makenzie,Pace,47870214,mak.pac@yahoo.dk,1994-12-07
162,Mohammad,Hays,82581646,moh.hay@hotmail.dk,1947-06-29
163,Cheyenne,Kennedy,76405017,che.ken@hotmail.dk,1998-03-22
164,Otis,Shah,60511635,oti.sha@gmail.com,2017-06-13
165,Adelynn,Stevens,51532830,ade.ste@gmail.com,1966-01-22
166,Van,Meadows,53133140,van.mea@hotmail.com,2008-06-03
167,Jessa,Ramsey,48073037,jes.ram@gmail.com,2014-04-27
168,Edgar,Heath,53036717,edg.hea@yahoo.dk,1947-01-30
169,Autumn,Meadows,57838370,aut.mea@gmail.com,2004-08-07
170,Valentino,Clark,76618457,val.cla@gmail.com,1982-09-27
171,Clara,Austin,88273362,cla.aus@hotmail.dk,1966-04-22
172,Alijah,Cruz,81541506,ali.cru@yahoo.dk,2009-10-02
173,Amelie,Andrade,72407675,ame.and@hotmail.dk,2002-10-26
174,Lee,Hanson,88501846,lee.han@hotmail.com,1960-06-15
175,Kenzie,Wilkerson,57362304,ken.wil@yahoo.dk,2020-09-09
176,Diego,Hooper,46728172,die.hoo@hotmail.com,2018-09-03
177,Roselyn,Fowler,84335027,ros.fow@yahoo.dk,1967-08-23
178,Dominique,Carney,64487616,dom.car@hotmail.com,1996-07-30
179,Eileen,Moyer,87203378,eil.moy@yahoo.dk,2004-03-26
180,Roman,Shepard,50523508,rom.she@hotmail.com,1992-07-14
181,Lauren,Hartman,85343470,lau.har@yahoo.dk,1994-09-08
182,John,Li,82018430,joh.li@hotmail.com,1951-11-10
183,Lola,Vincent,52785016,lol.vin@hotmail.dk,1978-03-06
184,Zachary,Trevino,48138643,zac.tre@gmail.com,1956-05-24
185,Alanna,Holloway,71142605,ala.hol@hotmail.dk,1989-01-10
186,Antonio,Baxter,64700637,ant.bax@yahoo.dk,1998-12-26
187,Ainsley,Stark,76371110,ain.sta@hotmail.dk,1979-07-07
188,Armando,Ritter,67476024,arm.rit@yahoo.dk,1950-12-07
189,Kamila,Norman,85457511,kam.nor@gmail.com,1955-04-27
190,Cruz,Small,56565670,cru.sma@hotmail.dk,1997-12-16
191,Justice,Christian,75416664,jus.chr@gmail.com,1969-03-24
192,Sam,Foley,84264125,sam.fol@yahoo.dk,1966-04-08
193,Princess,Church,53712000,pri.chu@gmail.com,1947-08-09
194,Camren,Curtis,77287428,cam.cur@hotmail.com,1954-03-21
195,Giuliana,Neal,54216081,giu.nea@hotmail.com,1956-03-21
196,Tyrone,Elliott,86025514,tyr.ell@hotmail.com,1961-08-30
197,Kora,Huber,80664106,kor.hub@gmail.com,1992-12-01
198,Mustafa,Cline,77482185,mus.cli@hotmail.com,1949-12-16
199,Anastasia,Travis,88012078,ana.tra@gmail.com,2013-08-07
200,Leighton,Sanchez,55801272,lei.san@yahoo.dk,2017-09-14
201,Lillie,Bell,70150221,lil.bel@hotmail.dk,2011-05-29
202,Cain,Barr,63657827,cai.bar@gmail.com,2008-08-04
203,Rosemary,Gibbs,63186268,ros.gib@yahoo.dk,1952-04-22
204,Ariel,Vang,41802527,ari.van@hotmail.dk,1959-05-26
205,Yamileth,Hendrix,55668841,yam.hen@hotmail.dk,1967-08-14
206,Allan,Obrien,41243820,all.obr@gmail.com,2007-02-03
207,Julissa,Avila,76518702,jul.avi@hotmail.dk,1977-07-15
208,Cade,Briggs,77074180,cad.bri@gmail.com,1975-11-24
209,Aitana,Avila,75440153,ait.avi@yahoo.dk,1986-04-10
210,Luka,Dominguez,81802734,luk.dom@yahoo.dk,1954-12-13
211,Miah,Mays,40856425,mia.may@yahoo.dk,1959-06-12
212,Emmanuel,Herrera,87664183,emm.her@yahoo.dk,1969-03-26
213,Ansley,Hatfield,84480274,ans.hat@yahoo.dk,1953-08-11
214,Carter,Moody,48864328,car.moo@gmail.com,1979-02-19
215,Holland,Conrad,83731440,hol.con@yahoo.dk,1945-06-06
216,Bentlee,Griffith,47517128,ben.gri@gmail.com,1958-12-28
217,Demi,Guerrero,65300537,dem.gue@yahoo.dk,2011-12-21
218,Leonardo,Oconnor,87381560,leo.oco@hotmail.com,1996-12-26
219,Chana,Pugh,53852558,cha.pug@hotmail.dk,1967-01-01
220,Zachary,Cervantes,44328023,zac.cer@hotmail.com,1950-12-18
221,Ruth,Taylor,46868084,rut.tay@hotmail.com,1998-07-03
222,Danny,Ochoa,76886117,dan.och@yahoo.dk,2013-11-07
223,Alyson,Snow,77461065,aly.sno@hotmail.com,2014-09-22
224,Kelvin,Duncan,73044761,kel.dun@hotmail.dk,1961-12-08
225,Madilynn,Oconnor,61141234,mad.oco@hotmail.com,1980-03-17
226,Layne,Mahoney,71813786,lay.mah@yahoo.dk,1977-10-31
227,Nylah,Montoya,44311255,nyl.mon@hotmail.com,1970-07-04
228,Ellis,Middleton,43045373,ell.mid@gmail.com,2009-12-23
229,Landry,Massey,80134162,lan.mas@gmail.com,1949-10-03
230,Harrison,Houston,50125428,har.hou@hotmail.com,1993-07-06
231,Phoenix,Bryant,78115465,pho.bry@yahoo.dk,2009-03-15
232,Eric,Kelly,74528487,eri.kel@yahoo.dk,1980-04-15
233,Presley,Barrett,63224571,pre.bar@hotmail.dk,1991-06-24
234,Edison,Soto,86060480,edi.sot@gmail.com,1985-07-02
235,Kathryn,Chaney,81135088,kat.cha@yahoo.dk,1982-01-09
236,Rohan,Fisher,50835045,roh.fis@gmail.com,2002-05-25
237,Amber,Williams,88466052,amb.wil@hotmail.com,2019-01-11
238,Hunter,Dickerson,68162444,hun.dic@hotmail.dk,2004-02-07
239,Kyleigh,Glenn,68268561,kyl.gle@yahoo.dk,2007-09-30
240,Zayne,Petty,61164738,zay.pet@hotmail.com,1971-09-15
241,Jada,Hahn,62120144,jad.hah@gmail.com,2003-03-10
242,Chevy,Deleon,42442611,che.del@yahoo.dk,1946-08-14
243,Bella,Travis,44024236,bel.tra@hotmail.com,1969-07-20
244,Keenan,Brooks,73521034,kee.bro@hotmail.dk,1972-09-28
245,Carla,Neal,66744812,car.nea@gmail.com,2014-09-27
246,Augustus,Barrett,67203301,aug.bar@hotmail.dk,1977-01-30
247,Sloan,Montoya,43027140,slo.mon@hotmail.com,1993-07-29
248,Lincoln,Nichols,45511734,lin.nic@gmail.com,2001-01-28
249,Rivka,Reeves,55803367,riv.ree@hotmail.dk,1979-01-12
250,Cohen,Doyle,72614751,coh.doy@gmail.com,2007-01-19
251,Lucy,Rojas,51673458,luc.roj@yahoo.dk,1958-01-22
252,Brent,Li,86305703,bre.li@hotmail.dk,1996-07-05
253,Ivory,Trevino,60217870,ivo.tre@yahoo.dk,1988-03-30
254,Taylor,Cannon,42176531,tay.can@gmail.com,1978-12-21
255,Melany,Pugh,43871444,mel.pug@hotmail.dk,1948-02-10
256,Brendan,Guerrero,57255568,bre.gue@hotmail.dk,1982-12-09
257,Nevaeh,Pierce,60322542,nev.pie@yahoo.dk,1988-10-21
258,Conner,Oneill,40317078,con.one@gmail.com,2009-03-18
259,Lilly,Barron,62526321,lil.bar@hotmail.com,2015-12-03
260,Deshawn,Greene,78352733,des.gre@hotmail.com,1983-07-15
261,Gracelyn,Collier,54288476,gra.col@gmail.com,1952-10-01
262,Derrick,Forbes,54107006,der.for@gmail.com,1949-10-07
263,Evie,Daniel,84076503,evi.dan@hotmail.com,2002-11-02
264,Ari,Mays,82466067,ari.may@hotmail.dk,2007-09-24
265,Yaritza,Benjamin,63271553,yar.ben@yahoo.dk,1948-10-04
266,Nickolas,Lewis,81730325,nic.lew@yahoo.dk,2005-08-09
267,Adrianna,Graham,64072700,adr.gra@hotmail.dk,2010-09-09
268,Jairo,Beltran,77128063,jai.bel@hotmail.dk,1950-11-05
269,Azaria,Casey,84722883,aza.cas@hotmail.dk,1955-08-22
270,Brodie,Casey,41352854,bro.cas@hotmail.com,1980-03-13
271,Jamie,Mcbride,63154881,jam.mcb@hotmail.com,1953-02-06
272,Yusuf,Morris,72572672,yus.mor@yahoo.dk,1997-06-07
273,Veda,Medina,48826342,ved.med@yahoo.dk,1989-12-02
274,Beckett,Cochran,76555558,bec.coc@gmail.com,1960-05-04
275,Lilliana,Gallagher,63115057,lil.gal@hotmail.com,1993-03-15
276,Owen,Cunningham,67546781,owe.cun@hotmail.com,1968-06-19
277,Kamryn,Kim,61845882,kam.kim@gmail.com,1973-08-28
278,Joshua,Pratt,88314135,jos.pra@gmail.com,1966-04-22
279,Charlotte,Novak,52712266,cha.nov@hotmail.com,2008-09-05
280,James,Lyons,72728548,jam.lyo@hotmail.dk,2009-08-10
281,Makenzie,Rich,78374013,mak.ric@yahoo.dk,2001-09-20
282,Arjun,Hensley,46733187,arj.hen@gmail.com,1946-08-05
283,Faith,Love,67724466,fai.lov@yahoo.dk,2001-07-06
284,Antoine,Zhang,47427770,ant.zha@yahoo.dk,1997-04-13
285,Lexi,Park,81770677,lex.par@hotmail.com,1973-05-17
286,Kyree,Eaton,53708652,kyr.eat@hotmail.dk,1968-09-15
287,Yaritza,Hoover,48057411,yar.hoo@gmail.com,1976-10-30
288,Kaison,Bernard,64461465,kai.ber@hotmail.com,2002-03-22
289,Heather,Holt,88104280,hea.hol@hotmail.com,1955-03-03
290,Hunter,Wolfe,68804265,hun.wol@gmail.com,2020-06-06
291,Aliyah,Sheppard,61336438,ali.she@gmail.com,1973-11-11
292,Hayes,Shaffer,67074743,hay.sha@hotmail.dk,1966-03-17
293,Maleah,Cardenas,45760268,mal.car@gmail.com,2010-04-12
294,Harley,Kelley,53571058,har.kel@hotmail.dk,1981-10-22
295,Eva,Chandler,52783081,eva.cha@gmail.com,1975-08-03
296,Dimitri,Adams,68672650,dim.ada@yahoo.dk,1971-04-19
297,Emmalyn,Garner,74273114,emm.gar@yahoo.dk,1955-12-11
298,Lukas,Tapia,52331026,luk.tap@hotmail.com,1983-11-12
299,Aubrianna,Riddle,44175523,aub.rid@hotmail.dk,1948-11-14
